RowNumber,CustomerId,Surname,CreditScore,Geography,Gender,Age,Tenure,Balance,NumOfProducts,HasCrCard,IsActiveMember,EstimatedSalary,Exited
7868,15697201,Yocum,640,Spain,Female,46,3,0.0,1,1,1,156260.08,0
1403,15613282,Vorobyova,757,France,Male,29,8,130306.49,1,1,0,77469.38,0
8607,15694581,Rawlings,807,Spain,Male,42,5,0.0,2,1,1,74900.9,0
8886,15815125,Michael,668,Spain,Male,45,4,102486.21,2,1,1,158379.25,0
6495,15752846,Pinto,699,France,Male,28,7,0.0,2,1,1,22684.78,0
9629,15596624,Topp,662,France,Female,22,9,0.0,2,1,1,44377.65,0
7460,15583724,Raymond,645,Spain,Female,29,4,0.0,2,1,1,74346.11,0
3965,15714981,Sabbatini,476,France,Male,37,4,0.0,1,1,1,55775.84,1
7001,15739548,Johnson,775,France,Male,28,9,111167.7,1,1,0,149331.01,0
4471,15593795,Linton,516,Germany,Female,53,1,156674.2,1,1,0,118502.34,1
9997,15569892,Johnstone,516,France,Male,35,10,57369.61,1,1,1,101699.77,0
1798,15764170,Pinto,647,Germany,Male,44,4,93960.35,1,1,0,36579.53,1
4697,15699467,Connor,631,Spain,Female,41,0,0.0,1,0,0,87959.83,0
717,15677369,Golubov,554,Germany,Female,37,4,58629.97,1,0,0,182038.6,0
2189,15799211,Anenechi,708,Spain,Female,32,8,187487.63,1,1,1,120115.5,0
8614,15577018,Tsao,684,Germany,Female,26,2,114035.39,1,0,0,96885.19,0
7554,15792107,Black,719,Spain,Female,35,8,0.0,1,1,1,165162.4,0
758,15815364,Ashley,736,Spain,Female,28,2,0.0,2,1,1,117431.1,0
1554,15568106,L?,592,France,Female,38,8,119278.01,2,0,1,19370.73,0
3430,15674678,Bradley,731,Germany,Female,43,9,79120.27,1,0,0,548.52,1
8329,15687171,Birch,638,Spain,Male,34,5,146679.77,1,1,0,102179.86,0
7212,15690153,Sun,639,France,Female,37,4,116121.84,2,0,1,181850.74,0
6836,15618391,Doyle,810,France,Male,33,6,0.0,2,1,1,77965.67,0
1138,15645269,Duncan,583,France,Female,42,4,0.0,2,1,0,17439.66,0
2828,15584190,Esposito,704,France,Male,36,7,120026.98,2,0,1,100601.73,0
1758,15704763,Kozlova,523,Germany,Female,39,1,143903.11,1,1,1,118711.75,1
7873,15717736,Shen,639,Germany,Female,46,10,110031.09,2,1,1,133995.59,0
9125,15753639,Gibson,608,France,Male,37,5,146093.39,2,0,0,160593.41,0
4852,15618239,Neumann,530,France,Female,48,0,0.0,1,1,0,85081.09,0
7309,15618703,White,663,Spain,Female,53,6,150200.23,1,0,1,151317.27,1
557,15705515,Lazarev,587,Germany,Male,40,5,138241.9,2,1,0,159418.1,0
6062,15758023,Grigoryeva,544,Germany,Male,47,5,105245.21,1,0,0,99922.08,1
3763,15643042,Han,590,Germany,Female,40,2,117641.43,2,0,0,92198.05,0
4372,15714391,Lai,563,France,Female,35,2,183572.84,1,1,1,66006.75,1
7002,15662854,Manna,681,Germany,Male,48,5,139714.4,2,0,0,73066.72,0
3475,15778861,Wallace,720,Spain,Male,33,6,97188.62,1,0,0,91881.29,0
5624,15696812,Lazareva,586,Spain,Male,42,6,0.0,2,1,1,123410.23,0
3820,15718289,Bradley,553,Germany,Male,46,3,82291.1,1,1,0,112549.99,1
988,15613749,Lees,569,Spain,Male,34,0,151839.26,1,1,0,102299.81,1
9771,15659327,Moffitt,520,France,Male,49,5,121197.64,1,1,0,72577.33,1
5360,15801832,Lombardo,684,Germany,Male,42,1,117691.0,1,1,1,23135.65,1
9298,15699797,Santana,737,France,Male,30,8,174356.13,1,0,0,31928.5,0
7865,15594436,Mazzi,588,Spain,Male,33,2,0.0,2,1,1,12483.56,0
6333,15793046,Holden,619,France,Female,35,4,90413.12,1,1,1,20555.21,0
4319,15803685,Greco,673,Germany,Female,77,10,76510.52,2,0,1,59595.66,0
9027,15807593,Berry,546,Spain,Female,36,7,85660.96,1,0,0,134778.01,0
586,15718057,Onyinyechukwuka,760,France,Female,51,2,100946.71,1,0,0,179614.8,1
3210,15622585,McIntyre,525,France,Male,26,7,153644.39,1,1,1,63197.88,0
9045,15653347,Chiu,560,Spain,Male,47,1,0.0,1,0,0,128882.66,1
9962,15566543,Aldridge,573,Spain,Male,44,9,0.0,2,1,0,107124.17,0
8615,15809515,Lewis,797,Germany,Male,32,1,151922.94,1,1,0,8877.06,0
2013,15780124,Blair,841,France,Male,74,9,108131.53,1,0,1,60830.38,0
952,15785899,Ch'en,789,Germany,Male,33,8,151607.56,1,1,0,4389.4,0
9038,15792862,Blinova,653,Germany,Male,41,1,104584.11,1,1,0,15126.32,1
6222,15603554,Berkeley,513,France,Female,45,0,164649.52,3,1,0,49915.52,1
4959,15594502,Zotov,655,France,Male,37,6,109093.41,2,1,0,1775.52,0
9522,15660636,Carpenter,540,Spain,Female,40,8,0.0,2,1,0,3560.0,0
3246,15768151,Romano,514,Germany,Female,45,3,109032.23,1,0,1,155407.21,1
4315,15582276,Greco,638,France,Male,34,5,133501.36,1,0,1,155643.04,0
3220,15611191,Scott,505,Germany,Female,37,10,122453.97,2,1,1,52693.99,0
1558,15706815,Samoylova,515,Germany,Male,37,2,90432.92,1,1,1,188366.04,1
7101,15668830,Wan,650,Spain,Male,24,8,108881.73,1,1,0,104492.83,0
8640,15654891,He,811,France,Male,30,6,0.0,2,1,1,180591.32,0
4947,15644692,Bibb,546,France,Female,47,8,0.0,1,1,1,66408.01,1
5957,15594928,Pagnotto,798,Germany,Female,38,4,129055.13,1,1,0,157147.59,0
5199,15660768,L?,604,France,Male,40,1,84315.02,1,0,0,36209.1,0
8093,15663770,Doyle,802,France,Male,38,1,142557.11,1,1,1,172497.73,0
8086,15656286,Sims,794,France,Male,33,0,0.0,2,0,0,178122.71,0
7301,15788224,Sanderson,669,Germany,Male,45,1,123949.75,1,0,0,110881.56,0
8581,15801915,Rendall,529,France,Female,31,6,152310.55,1,1,0,13054.25,0
344,15684484,White,543,France,Male,22,8,0.0,2,0,0,127587.22,0
5353,15675749,Baranov,695,France,Female,23,1,0.0,2,1,1,141756.32,0
4907,15571244,Tung,809,Spain,Female,33,3,0.0,2,0,1,141426.78,0
240,15795149,Stevens,703,France,Male,28,2,81173.83,2,0,1,162812.16,0
8867,15810995,Wright,526,Germany,Male,34,3,122726.56,1,1,1,46772.36,0
8382,15764314,Reilly,550,Germany,Male,36,2,113877.23,2,1,0,174921.91,0
5369,15745326,Carandini,538,France,Female,62,3,75051.49,1,0,0,17682.02,1
7632,15793896,John,677,Spain,Male,40,7,95312.8,1,1,1,62944.75,0
6811,15642996,Tsai,546,Germany,Female,42,9,86351.85,2,1,0,57380.13,0
314,15797960,Skinner,806,Germany,Female,59,0,135296.33,1,1,0,182822.5,0
577,15761986,Obialo,439,Spain,Female,32,3,138901.61,1,1,0,75685.97,0
2553,15756560,Moran,599,Spain,Female,46,7,81742.84,2,1,0,83282.21,0
7069,15730793,Russell,699,Germany,Female,54,3,111009.32,1,1,1,155905.79,1
4445,15639049,Cartagena,489,France,Female,31,7,139395.08,1,0,1,6120.84,0
16,15643966,Goforth,616,Germany,Male,45,3,143129.41,2,0,1,64327.26,0
5028,15807989,Wall,681,Germany,Male,37,8,73179.34,2,1,1,25292.53,0
6493,15643121,Chu,753,Germany,Female,35,5,82453.96,2,0,0,18254.75,0
2148,15574167,Fox,665,France,Male,33,2,101286.11,1,1,1,159840.51,0
6193,15731781,Onyemachukwu,551,France,Male,43,7,0.0,2,1,0,178393.68,0
2144,15612109,Speth,819,France,Male,38,9,122334.26,2,1,1,181507.44,0
3177,15613014,Hs?,722,Germany,Male,29,1,107233.85,2,1,0,24924.92,0
1524,15751531,Shaw,598,Spain,Male,41,8,0.0,2,1,1,161954.43,0
8118,15639117,Sorenson,624,Spain,Female,34,6,0.0,1,1,0,582.59,1
5077,15720676,Bukowski,700,France,Female,37,7,0.0,2,1,0,17040.82,0
681,15780804,Nucci,482,France,Male,55,5,97318.25,1,0,1,78416.14,0
7923,15642099,Tsui,679,Spain,Male,39,6,0.0,2,1,0,12266.06,0
9988,15588839,Mancini,606,Spain,Male,30,8,180307.73,2,1,1,1914.41,0
3445,15801699,Fishbourne,436,Spain,Male,43,5,0.0,2,1,1,35687.43,0
4961,15767626,Carpenter,811,France,Male,42,10,0.0,2,1,1,3797.79,0
2490,15776824,Rossi,714,France,Male,28,6,122724.37,1,1,1,67057.27,0
7314,15583067,McMillan,687,France,Female,36,4,97157.96,1,0,1,63185.05,0
5930,15695078,Kemp,699,France,Male,32,3,0.0,2,1,1,170770.44,0
3333,15720508,Hsing,735,France,Male,31,3,119558.35,1,0,0,72927.68,0
9284,15752186,Padovano,562,France,Female,27,3,0.0,2,1,0,28137.03,0
5464,15750099,Marshall,731,France,Female,36,6,0.0,1,0,0,152128.36,0
1976,15591386,Golubova,622,France,Female,35,5,0.0,2,1,0,51112.8,0
30,15656300,Lucciano,411,France,Male,29,0,59697.17,2,1,1,53483.21,0
475,15603156,Elewechi,571,France,Female,33,1,0.0,2,1,0,102750.7,0
8976,15763415,Gray,567,Germany,Male,41,0,134378.89,1,1,1,105746.94,0
4351,15754072,Dennis,840,Spain,Female,36,6,0.0,2,1,0,141364.27,0
343,15681081,Marrero,545,Spain,Female,47,5,0.0,2,1,1,38970.14,0
9381,15597109,Vanzetti,627,France,Male,70,1,94416.78,1,0,1,145299.5,0
3502,15802060,Ch'ang,646,Germany,Female,30,10,100548.67,2,0,0,136983.77,0
7377,15765093,Coates,704,France,Male,23,6,166594.78,1,1,1,155823.2,0
5505,15625584,Martin,786,France,Male,32,2,120452.4,2,0,0,79602.86,0
29,15728693,McWilliams,574,Germany,Female,43,3,141349.43,1,1,1,100187.43,0
1818,15804075,Chuang,628,Germany,Female,36,3,91286.51,1,1,0,63085.94,0
3259,15577514,Mai,698,Germany,Female,36,7,121263.62,1,1,1,13387.88,0
7728,15612729,Chidiebere,681,France,Female,63,7,0.0,2,1,1,55054.48,0
8449,15717191,Ferri,508,France,Male,49,1,93817.41,2,1,1,132468.76,1
6700,15809999,Gordon,709,France,Female,41,3,150300.65,2,1,0,71672.86,0
4870,15781272,Coles,669,France,Male,50,4,149713.61,3,1,1,124872.42,1
35,15732963,Clements,722,Spain,Female,29,9,0.0,2,1,1,142033.07,0
9361,15671934,Veale,552,Germany,Male,39,2,132906.88,1,0,1,149384.43,0
7007,15660390,Boyle,544,France,Female,33,6,0.0,2,1,1,124113.04,0
2062,15710295,Patrick,445,Germany,Female,38,6,119413.62,2,1,0,175756.36,0
2396,15672374,Pai,672,France,Male,52,8,170008.84,1,0,0,56407.42,1
785,15571221,Bergamaschi,747,Germany,Male,58,7,116313.57,1,1,1,190696.35,1
8743,15661827,Brown,693,Spain,Female,45,4,0.0,2,1,1,26589.56,0
6980,15751180,Adams,539,France,Female,40,7,81132.21,1,1,0,167289.82,0
1613,15649121,Pinto,665,France,Male,52,3,0.0,1,1,0,116137.01,1
9206,15758750,Iweobiegbunam,564,France,Male,31,0,110527.17,1,1,1,87060.77,0
4675,15689492,Benjamin,850,Germany,Male,41,1,176958.46,2,0,1,125806.3,0
1896,15649418,Krylov,776,France,Female,29,7,178171.04,2,1,1,115818.51,0
9243,15630704,Haworth,612,Germany,Male,32,9,106520.73,2,1,0,177092.16,0
2242,15633112,Madukaego,681,Germany,Male,42,3,118199.97,2,1,0,9452.88,1
6604,15683213,Bergamaschi,554,France,Female,35,10,74988.59,2,0,1,190155.13,0
704,15566292,Okwuadigbo,574,Spain,Male,36,1,0.0,2,0,1,71709.12,0
5480,15648766,Robertson,569,Spain,Male,35,3,116969.35,1,0,0,94488.82,0
1006,15701602,Ayers,521,Germany,Male,52,5,116497.31,3,0,0,53793.1,1
7020,15699839,Hall,637,France,Male,36,2,152606.82,1,1,1,71692.8,0
8078,15741693,Barnard,693,France,Male,40,4,130661.96,1,1,1,101918.96,0
9136,15664432,Chao,727,Spain,Female,49,7,96296.78,1,1,0,190457.87,1
5886,15723856,Gonzalez,602,France,Female,29,3,88814.4,2,1,1,62487.97,0
4395,15669175,Ts'ai,479,Germany,Male,24,6,107637.97,2,0,1,169505.83,0
7668,15606554,Douglas,797,France,Male,29,1,0.0,1,0,1,149991.32,0
2787,15585100,Rioux,511,Germany,Female,40,9,124401.6,1,1,0,198814.24,1
9474,15690733,Angelo,608,Spain,Male,45,4,0.0,2,0,0,36697.48,1
1595,15576676,Serrano,706,Germany,Female,28,6,124923.35,2,1,1,50299.14,0
8565,15584704,Chiazagomekpele,519,France,Male,48,10,71083.98,1,1,0,137959.0,0
2339,15806307,Favors,537,France,Male,37,3,0.0,2,1,1,20603.32,0
4689,15669606,Chu,690,France,Male,33,5,0.0,2,1,0,138017.68,0
6822,15704209,Noble,802,France,Female,39,7,120145.96,2,0,1,59497.01,1
2764,15654495,Potter,706,Germany,Female,47,6,120621.89,1,1,1,140803.7,0
1888,15680918,Freeman,613,Spain,Male,34,8,117300.02,1,1,0,139410.08,0
1830,15605275,Ofodile,725,Germany,Male,45,8,116917.07,1,0,0,173464.43,1
3897,15767894,Ch'ien,741,France,Female,21,9,0.0,2,0,1,139259.54,0
9263,15751445,Chikwado,734,Germany,Female,52,6,71283.09,2,0,1,38984.37,0
9551,15721715,Fane,769,France,Female,40,9,133871.05,1,1,1,50568.02,0
6043,15685872,Godfrey,727,France,Female,29,1,146652.01,1,1,1,173486.39,0
721,15721658,Fleming,672,Spain,Female,56,2,209767.31,2,1,1,150694.42,1
1373,15723006,Gorbunova,489,France,Male,38,8,0.0,2,0,1,196990.79,0
6939,15698324,Azikiwe,725,France,Female,33,4,0.0,1,1,1,67879.8,0
559,15717046,Wentworth-Shields,741,Spain,Male,53,3,0.0,2,1,1,38913.68,0
3855,15580935,Okechukwu,687,Germany,Male,33,9,135962.4,2,1,0,121747.96,0
4216,15574213,Wilson,789,France,Female,53,1,158271.74,1,1,1,5036.39,1
2819,15806837,Nnaife,669,France,Male,37,4,0.0,1,1,0,132540.33,0
9984,15656710,Cocci,613,France,Male,40,4,0.0,1,0,0,151325.24,0
5489,15628155,Dike,410,France,Female,35,7,117183.74,1,1,1,109733.73,0
5460,15617507,Wilson,530,Spain,Female,36,7,0.0,2,1,0,80619.09,0
3818,15724251,Todd,682,Germany,Female,29,6,101012.77,1,0,0,32589.89,1
4938,15625632,Philip,577,France,Male,36,3,121092.47,2,0,1,143783.46,0
2146,15639322,Grave,633,Spain,Male,33,4,137847.41,2,1,0,98349.13,0
7280,15810485,Sun,486,Germany,Male,37,1,101438.0,1,0,0,51364.56,0
3798,15669887,Lambert,839,France,Female,51,3,0.0,1,1,1,69101.23,1
9117,15672082,Schatz,562,France,Male,62,3,0.0,2,1,0,105986.01,0
5929,15761241,Hsieh,578,Germany,Female,36,8,129745.1,1,1,1,143683.75,0
2673,15630920,Du Cane,724,France,Male,34,2,154485.74,2,0,0,78560.64,0
2048,15814536,Conti,549,France,Male,37,2,112541.54,2,0,0,47432.43,0
1829,15792649,Patterson,547,Spain,Female,31,9,0.0,2,0,0,99294.22,0
8431,15775949,Trevisani,612,France,Female,38,7,110615.47,1,1,1,193502.93,0
9612,15586522,Hunter,608,Spain,Male,37,2,130461.02,1,1,0,21967.15,0
9834,15807245,McKay,699,Germany,Female,41,1,200117.76,2,1,0,94142.35,0
4130,15810829,Macfarlan,618,France,Male,48,7,0.0,1,1,0,13921.82,1
8433,15582519,Seleznyov,479,France,Male,47,6,121797.09,1,0,1,5811.9,1
4366,15716328,Miller,501,France,Female,40,2,0.0,2,0,0,141946.92,0
1491,15761976,Su,797,Spain,Female,31,8,0.0,2,1,0,117916.63,0
2498,15748123,Chienezie,613,France,Male,20,3,0.0,2,1,1,149613.77,0
5022,15632793,Wilkinson,638,France,Female,29,9,103417.74,1,1,1,15336.4,0
6622,15710365,Thomson,646,France,Male,50,0,104129.24,2,1,0,181794.86,1
9116,15692977,Ikenna,612,Germany,Female,36,2,130700.92,2,0,0,77592.8,0
4256,15596228,Uwaezuoke,490,France,Male,29,4,0.0,2,1,0,32089.57,0
6336,15740428,Wyatt,507,France,Female,35,1,0.0,2,0,0,92131.54,0
4480,15579112,Gibson,598,France,Male,47,2,0.0,2,1,1,186116.54,0
1807,15683471,Hansen,691,France,Male,38,7,0.0,2,0,0,81617.4,0
1772,15633260,Dumetochukwu,600,France,Male,37,1,142663.46,1,0,1,88669.89,0
4967,15682070,Davies,611,France,Male,64,9,0.0,2,1,1,53277.15,0
311,15712287,Pokrovskii,652,France,Female,80,4,0.0,2,1,1,188603.07,0
6703,15792668,Hamilton,661,Germany,Male,37,7,109908.06,2,1,0,115037.67,1
3827,15751774,Monnier,774,France,Male,76,4,112510.89,1,1,1,143133.18,0
6550,15792029,Lee,620,France,Male,32,6,0.0,2,1,0,56139.09,0
3154,15750056,Hyde,702,France,Female,29,6,149218.39,1,1,1,9633.01,0
9972,15721377,Chou,833,France,Female,34,3,144751.81,1,0,0,166472.81,0
2122,15583576,Tai,671,France,Male,30,2,0.0,1,0,1,102057.86,0
2357,15614934,McEwan,625,Germany,Female,37,4,142711.81,1,1,0,35625.41,0
8218,15635500,Seleznyov,605,Germany,Male,75,2,61319.63,1,0,1,186655.11,0
7917,15610936,Becher,562,France,Male,33,6,0.0,2,1,0,111590.35,0
1020,15600583,Garner,633,France,Male,31,1,0.0,1,1,0,48606.71,0
173,15651022,Yost,480,Germany,Male,44,10,129608.57,1,1,0,5472.7,1
7958,15582149,Ts'ui,850,Germany,Female,34,3,129668.43,2,1,1,88743.99,0
6518,15795246,Kaeppel,628,Germany,Female,51,9,155903.82,2,1,1,71159.84,0
6631,15726960,O'Brien,741,France,Female,36,3,0.0,2,1,1,89804.83,0
6413,15598982,Klein,602,Germany,Female,53,5,98268.84,1,0,1,45038.29,1
2583,15703205,Uwaezuoke,656,France,Female,46,5,113402.14,2,1,1,138849.06,0
6089,15752912,Perkin,661,France,Female,30,7,0.0,2,1,0,72196.57,0
6034,15759966,Chiemenam,612,Spain,Female,36,5,119799.27,2,1,0,159416.58,0
4258,15756894,Onwuka,635,France,Male,29,1,0.0,1,0,1,24865.54,0
8295,15569430,Burrows,704,Spain,Female,36,2,175509.8,2,1,0,152039.67,0
4756,15740072,Padovesi,720,France,Female,37,2,120328.88,2,1,1,138470.21,0
6462,15666975,Sparks,710,France,Female,36,4,116085.06,1,1,0,58601.61,0
213,15573152,Glassman,620,France,Female,41,9,0.0,2,0,0,88852.47,0
5597,15796957,Iadanza,597,Spain,Male,35,9,0.0,3,0,1,73181.39,1
5937,15773723,Duncan,588,Spain,Female,22,9,67178.19,1,1,1,163534.75,1
723,15736879,Obinna,669,France,Male,23,1,0.0,2,0,0,66088.83,0
4064,15575691,Palerma,689,France,Female,58,5,0.0,2,0,1,49848.86,0
3114,15779529,Grant,620,France,Male,32,7,0.0,2,1,1,34665.79,0
6129,15672016,Sabbatini,819,France,Male,35,1,0.0,2,0,1,3385.04,0
4989,15775067,Fang,606,France,Male,47,3,93578.68,2,0,1,137720.56,1
6383,15575060,Gardner,797,France,Male,24,5,0.0,2,1,0,182257.61,0
1709,15772892,Robertson,699,France,Female,49,2,0.0,1,0,0,105760.01,0
2175,15633108,Thorpe,646,France,Male,26,4,139848.17,1,1,0,164696.27,0
3592,15621685,Davies,769,France,Male,29,2,123757.52,2,1,0,84872.66,0
4198,15707674,Marino,515,France,Female,58,2,131852.81,1,1,0,81436.68,1
710,15734886,Mazzi,686,France,Female,34,3,123971.51,2,1,0,147794.63,0
2722,15576824,Kennedy,564,Germany,Female,44,3,111760.4,3,1,1,104722.47,1
102,15743192,Hung,623,France,Female,44,6,0.0,2,0,0,167162.43,0
203,15600974,He,516,Spain,Male,50,5,0.0,1,0,1,146145.93,1
5297,15702462,Fiorentini,619,Spain,Female,44,6,52831.13,1,1,1,112649.22,1
9149,15595640,Rizzo,698,France,Male,37,8,0.0,2,0,0,145004.39,0
6942,15628950,Coates,501,Germany,Male,25,6,104013.79,1,1,0,114774.35,0
4939,15727703,Li Fonti,773,Germany,Male,34,10,126979.75,1,0,0,36823.28,0
9879,15770041,Manna,728,Spain,Female,43,8,128412.61,1,0,1,139024.31,0
6702,15629390,Liao,653,France,Male,37,7,135847.47,1,1,0,144880.81,0
8011,15787756,Nkemdirim,467,Germany,Male,51,10,114514.71,2,1,0,177784.68,1
3348,15694510,Ifeanyichukwu,725,France,Male,45,1,129855.32,1,0,0,24218.65,0
9141,15784323,Gallo,449,France,Female,21,7,0.0,2,0,0,175743.92,0
9748,15775761,Iweobiegbunam,610,Germany,Female,69,5,86038.21,3,0,0,192743.06,1
3781,15685290,Wall,595,Germany,Male,46,5,142360.62,2,1,0,48421.4,1
7547,15735221,Sousa,697,France,Female,42,10,0.0,2,1,0,61312.15,0
5291,15743490,Zikoranachidimma,795,Germany,Female,56,9,94348.94,1,1,0,29239.29,1
7347,15720644,Martin,789,France,Male,27,6,0.0,2,1,0,103603.65,0
7571,15791944,Harker,697,France,Male,32,7,175464.85,3,1,0,116442.42,1
813,15578980,Piazza,516,Spain,Female,33,3,0.0,2,1,1,58685.59,0
5063,15650432,Liu,849,Germany,Male,41,10,84622.13,1,1,1,198072.16,0
7803,15717962,Ch'iu,773,Spain,Male,63,9,111179.83,1,1,1,93091.02,0
6599,15677141,Turnbull,586,Spain,Male,29,2,132450.24,1,1,1,36176.63,0
5919,15742609,Lombardo,600,Germany,Male,28,2,116623.31,1,0,1,59905.29,0
4839,15582335,Brown,556,France,Female,40,9,129860.37,1,0,0,17992.94,0
9208,15643770,Yu,682,France,Female,52,5,112670.48,1,1,0,21085.17,1
8393,15641158,Belcher,739,Germany,Male,32,3,102128.27,1,1,0,63981.37,1
6202,15753079,Chidi,612,France,Male,41,5,0.0,3,0,0,151256.22,0
9081,15620443,Fiorentino,711,France,Female,81,6,0.0,2,1,1,72276.24,0
2808,15780128,Ogbonnaya,705,France,Male,33,3,144427.96,2,1,0,113845.19,0
6015,15747323,Vasilyeva,535,Spain,Male,48,9,109472.47,1,1,0,157358.43,1
9348,15802809,Vidal,660,Spain,Female,36,0,84438.57,1,1,1,181449.51,0
5262,15814022,Lassetter,714,France,Female,26,9,89928.99,1,1,0,46203.31,0
2328,15613713,Kozlova,644,France,Male,30,5,44928.88,1,1,1,10771.46,0
6850,15775678,Uspensky,716,France,Female,44,1,0.0,1,1,1,152108.47,0
7821,15576131,Phillips,666,France,Male,40,5,0.0,2,1,0,147878.05,0
4226,15671804,Wilding,648,Spain,Male,36,8,146943.38,2,1,1,130041.45,0
4022,15697100,Wright,772,Germany,Female,48,6,108736.52,1,1,0,184564.67,1
9961,15681026,Lucciano,795,Germany,Female,33,9,104552.72,1,1,1,120853.83,1
4239,15710390,Uspensky,655,France,Female,39,6,94631.26,2,1,1,148948.52,0
533,15663478,Baldwin,729,France,Male,32,6,93694.42,1,1,1,79919.13,0
2903,15804002,Kovalev,691,France,Female,33,1,128306.83,1,1,1,113580.79,0
4100,15720509,Hs?,696,France,Male,34,9,150856.79,1,0,1,8236.78,0
5848,15569666,Goddard,517,France,Female,45,4,0.0,1,0,0,172674.36,1
7653,15569394,Bailey,704,France,Male,24,2,148197.15,2,1,0,182775.08,0
5363,15779985,Lo,750,Germany,Female,37,1,133199.71,2,1,1,27366.77,0
7413,15631693,Hill,697,France,Male,36,7,0.0,2,1,1,74760.32,0
2335,15616380,Wheeler,803,Spain,Female,37,1,0.0,2,0,0,7455.2,0
4508,15587690,Madueke,592,France,Male,28,2,116498.22,1,1,0,144290.25,0
6229,15733138,Paterson,663,Germany,Male,42,5,90248.79,1,1,1,79169.73,0
1169,15710456,Balmain,607,France,Female,27,2,0.0,2,1,0,63495.86,0
3942,15603170,Kang,654,France,Male,32,9,121455.65,1,1,0,190068.53,1
2368,15682600,Lo,620,Germany,Male,39,9,159492.79,1,1,0,80582.34,1
3472,15743582,T'ang,632,France,Female,27,3,107375.82,1,1,1,62703.38,0
7238,15753550,Levien,684,France,Female,43,7,0.0,2,1,0,131093.99,0
5906,15731519,Kerr,511,France,Female,30,5,0.0,2,1,0,143994.86,0
1227,15775572,Bergamaschi,531,Germany,Female,42,6,88324.31,2,1,0,75248.75,0
5446,15779174,Young,451,France,Female,36,2,0.0,2,1,1,180142.42,0
7688,15776494,Siciliano,754,France,Male,61,5,146622.35,1,1,1,41815.22,1
7170,15684722,Fraser,490,France,Male,34,5,122952.9,2,0,0,154360.97,0
2431,15689351,Johnson,742,Germany,Female,41,4,92805.72,1,0,1,73743.95,1
8731,15634373,Yang,764,France,Male,30,5,0.0,2,0,1,105155.66,0
8539,15648030,Crump,731,Spain,Female,33,5,137388.01,2,1,0,165000.68,0
9755,15572114,Shih,673,Spain,Male,40,1,121629.22,1,1,1,3258.6,0
6123,15577313,Lionel,619,France,Male,44,3,116967.68,1,1,0,5075.17,1
8267,15706764,Spencer,560,France,Female,35,1,0.0,2,1,0,3701.63,0
859,15686137,Barry,456,Spain,Male,32,9,147506.25,1,1,1,135399.21,0
6292,15779886,Munson,563,Spain,Male,24,7,0.0,2,0,0,16319.56,0
8050,15808868,Nwokeocha,652,France,Female,31,3,103696.97,3,0,0,155221.05,1
8705,15777586,Moss,784,Spain,Female,42,2,109052.04,2,1,0,6409.55,0
5924,15612095,Calabrese,751,France,Female,48,9,0.0,1,1,0,137508.42,1
4599,15641474,Hall,638,France,Male,46,9,139859.54,1,1,0,38967.29,0
7246,15763579,Castro,702,Germany,Female,36,2,105264.88,2,1,1,52909.87,0
5770,15611612,Priestley,570,France,Female,29,0,0.0,1,1,0,37092.43,0
6511,15643916,Munro,619,Spain,Male,46,8,62400.48,1,1,1,132498.39,1
8768,15585466,Russo,552,France,Male,29,10,0.0,2,1,0,12186.83,0
9714,15623566,Barnhill,714,France,Male,40,9,46520.69,1,1,1,96687.25,0
6203,15684995,Chamberlain,690,Spain,Male,49,8,116622.73,1,0,1,51011.29,0
1117,15723250,Teng,519,France,Male,42,8,0.0,2,1,1,101485.72,0
7522,15611189,Allingham,670,Spain,Male,43,1,97792.21,1,0,0,120225.62,0
8298,15664681,Aitken,584,France,Female,35,2,114321.28,2,0,0,15959.01,0
3217,15742204,Hsu,579,Germany,Male,31,6,139729.54,1,0,1,135815.38,0
6684,15710316,Fang,454,Spain,Female,48,5,144837.79,1,1,1,93151.77,0
9469,15638047,Chia,613,Germany,Female,45,9,142765.24,2,1,0,34749.65,0
2710,15780212,Mao,592,France,Male,37,4,212692.97,1,0,0,176395.02,0
1211,15658969,Gray,711,France,Male,51,7,0.0,3,1,0,38409.79,1
8224,15603328,Lucchesi,483,France,Male,27,1,77805.66,1,1,1,2101.89,0
7693,15807889,Wood,634,Germany,Male,74,5,108891.7,1,1,0,10078.02,0
8095,15597957,Rahman,614,Spain,Male,66,2,0.0,2,0,1,180082.7,0
7423,15746258,Wright,622,France,Male,29,7,101486.96,1,1,1,8788.35,0
7712,15763029,Ch'iu,612,Germany,Male,46,9,161450.03,1,1,1,96961.0,1
6238,15778897,Cartwright,630,France,Female,28,1,0.0,2,1,1,133267.78,0
5791,15646351,Somerville,486,Spain,Male,27,7,0.0,2,1,0,28823.04,0
6309,15766427,Shaw,565,Germany,Male,52,5,97720.35,2,1,0,175070.94,1
8604,15702541,Fraser,551,France,Female,59,2,166968.28,1,1,0,159483.76,1
5800,15649853,Craig,625,France,Female,45,3,0.0,1,1,1,184474.15,1
3758,15679284,Aksenov,593,Spain,Female,45,6,79259.75,1,1,0,55347.28,0
4962,15632521,Cattaneo,689,Germany,Male,45,0,130170.82,2,1,0,150856.38,0
7043,15617348,Uchechukwu,544,France,Male,44,1,0.0,2,0,0,69244.24,0
5944,15658813,Siciliani,645,France,Female,55,7,0.0,2,1,1,18369.33,0
2091,15602551,Johnson,667,Spain,Male,39,9,0.0,2,1,0,68873.8,0
2201,15641114,Power,701,France,Male,37,8,130091.5,1,1,1,120031.29,0
245,15576269,Madison,523,Spain,Male,34,7,0.0,2,1,0,62030.06,0
2728,15581748,Shen,754,Germany,Male,57,2,101134.87,2,1,1,70954.41,0
5852,15722053,Oguejiofor,576,Spain,Male,33,3,0.0,2,0,1,190112.05,0
1947,15698321,Yobanna,648,Germany,Male,34,3,95039.73,2,1,1,147055.87,0
7150,15699340,Okorie,680,France,Male,37,4,0.0,2,1,0,61240.87,0
2007,15745543,Hughes,687,France,Male,39,7,0.0,2,1,0,26848.25,0
7657,15575146,Jamieson,492,Germany,Male,51,8,117808.74,2,1,1,67311.12,0
2494,15715920,De Bernales,782,Spain,Male,23,10,98052.66,1,1,1,142587.32,0
3537,15748034,Drakeford,534,France,Male,29,7,174851.9,1,1,1,79178.31,0
5365,15704144,Mazzanti,812,Germany,Male,33,2,127154.14,2,0,1,105383.49,0
8538,15800068,Cooper,801,Spain,Female,46,6,0.0,2,1,1,170008.74,0
7067,15680643,Lo,729,Spain,Female,42,1,0.0,2,1,1,149535.97,0
1839,15758813,Campbell,350,Germany,Male,39,0,109733.2,2,0,0,123602.11,1
6810,15688868,Birdsall,684,France,Female,26,5,87098.91,1,0,0,106095.82,0
7898,15639252,Shao,603,Spain,Male,30,6,129548.5,2,1,1,19282.85,0
7465,15569682,Leckie,768,Germany,Male,37,9,108308.11,1,1,0,41788.25,1
3813,15790267,Onuoha,625,France,Female,40,7,141267.67,1,0,1,177397.49,0
3018,15701962,Scott,590,Spain,Female,29,2,166930.76,2,1,0,122487.73,0
7252,15746995,Greco,724,Germany,Male,31,9,138166.3,1,1,0,12920.43,0
7357,15683993,Knight,493,France,Female,37,8,142987.46,2,1,0,158840.99,0
3842,15750778,Ponomarev,653,France,Female,60,2,120731.39,4,1,1,138160.11,1
7841,15611756,Chapman,537,Germany,Female,47,4,124192.28,2,1,1,50881.51,0
1197,15739131,Whitworth,718,Germany,Male,28,4,65643.3,1,1,0,28760.99,0
1464,15669293,Hovell,517,France,Male,37,5,113308.84,1,0,1,31517.16,0
2818,15768244,Macleod,538,Spain,Female,30,8,0.0,2,1,1,41192.95,0
4946,15646784,Cochran,529,France,Female,31,2,164003.05,2,1,1,60993.23,0
9957,15707861,Nucci,520,France,Female,46,10,85216.61,1,1,0,117369.52,1
1433,15687959,Landman,573,Spain,Female,44,4,0.0,1,1,1,94862.93,0
1912,15590606,Saunders,595,France,Male,41,9,0.0,2,1,0,5967.09,0
5049,15741416,Yegorov,707,France,Male,42,2,16893.59,1,1,1,77502.56,0
5897,15645136,O'Donnell,744,Spain,Male,30,1,128065.12,1,1,0,121525.48,0
7389,15808023,Remington,836,France,Female,29,9,133681.78,1,1,1,153747.73,0
8880,15774277,Chiu,809,France,Male,43,2,0.0,2,1,1,132908.07,0
1447,15680855,Iloabuchi,637,France,Male,33,2,145731.83,1,0,1,109219.43,0
7601,15762392,Ilyina,683,Spain,Male,30,1,113257.2,1,1,1,65035.02,0
3873,15620123,Christie,605,France,Male,39,6,111169.91,1,0,0,9641.4,0
659,15568595,Fleming,544,France,Male,64,9,113829.45,1,1,1,124341.49,0
2726,15597951,Muir,471,France,Female,58,4,114713.57,1,1,1,36315.03,0
4116,15584505,Hill,580,France,Female,23,5,113923.81,2,0,0,196241.43,0
8399,15582116,Ma,767,Germany,Female,45,7,132746.2,2,1,0,26628.88,1
5477,15723864,Lucas,828,Spain,Male,47,1,109876.82,2,1,0,83611.45,1
7077,15766906,Salier,742,France,Female,25,4,132116.13,2,1,0,129933.5,0
8755,15619045,Baxter,776,France,Female,43,4,0.0,2,0,1,162137.5,0
1368,15627232,Jibunoh,608,Germany,Male,44,7,114203.47,1,1,1,77830.36,1
7907,15712960,Olisanugo,613,Spain,Male,37,3,171653.17,1,0,1,5353.12,0
4900,15696852,Hsu,803,France,Female,32,9,192122.84,1,1,1,54277.45,1
8724,15803202,Onyekachi,350,France,Male,51,10,0.0,1,1,1,125823.79,1
9883,15785490,Okeke,771,France,Male,50,3,105229.72,1,1,1,16281.68,1
5458,15725221,Sabbatini,738,Germany,Male,62,10,83008.31,1,1,1,42766.03,0
6489,15598097,Johnstone,550,France,Male,44,9,0.0,2,1,0,26257.01,0
4330,15753362,Evdokimov,748,Spain,Male,60,3,0.0,2,1,1,78194.37,0
1479,15630725,Johnson,649,France,Female,45,5,92786.66,1,1,0,173365.9,1
2411,15613326,Gow,596,France,Female,33,1,138162.81,1,1,0,85412.54,0
3623,15720338,Mazzanti,592,Spain,Male,55,8,85845.43,2,1,1,128918.42,0
9225,15667944,Onuchukwu,679,France,Male,39,0,86843.61,1,0,1,159830.58,0
9042,15724336,Yates,513,Germany,Female,49,5,171601.27,1,1,0,126223.84,0
2314,15644621,Mironova,597,Germany,Female,40,9,106756.01,2,1,0,151167.94,0
1591,15651802,Day,632,Spain,Female,39,5,97854.37,2,1,0,93536.38,0
3706,15769645,Senior,612,France,Female,35,3,0.0,1,1,1,48108.72,0
7474,15638272,Tien,609,Spain,Male,32,4,99883.16,1,1,1,120594.85,0
6673,15660403,Fleming,827,Spain,Female,35,0,0.0,2,0,1,184514.01,0
3581,15634359,Dyer,639,Germany,Female,41,5,98635.77,1,1,0,199970.74,0
2952,15671655,Thorpe,763,Germany,Male,31,7,143966.3,2,1,1,140262.96,1
3941,15659736,Herbert,716,Germany,Male,66,5,121411.9,1,0,0,10070.4,1
1564,15777576,Frost,559,Spain,Female,40,5,139129.44,1,0,1,32635.54,0
8517,15783875,Li Fonti,500,France,Female,34,4,0.0,2,1,0,12833.96,0
3613,15792151,Hamilton,635,Spain,Female,37,3,0.0,2,1,0,91086.73,0
6340,15700325,Onyeoruru,644,France,Female,24,8,92760.55,1,1,0,35896.75,0
3774,15747854,Rudd,749,France,Female,35,3,0.0,3,1,1,132649.85,0
8000,15591489,Davison,826,France,Male,26,5,142662.68,1,0,0,60285.3,0
747,15787619,Hsieh,844,France,Male,18,2,160980.03,1,0,0,145936.28,0
5078,15731829,Simmons,616,France,Male,34,10,0.0,2,1,0,25662.27,0
9159,15568849,Bryan,540,Spain,Female,31,10,118158.74,1,1,1,158027.57,0
3891,15719579,McIntosh,670,Germany,Female,33,9,84521.48,2,0,1,198017.05,0
1653,15675501,Woods,616,France,Male,59,5,153861.1,1,1,1,17699.48,0
9461,15581089,Knight,744,Spain,Male,35,7,0.0,2,1,1,43036.6,0
8947,15572294,Kelly,623,France,Male,28,7,0.0,1,0,0,129526.57,0
4357,15693326,Whitehouse,641,France,Female,42,7,125437.14,2,0,0,164128.58,0
8412,15719479,Chukwuhaenye,619,Spain,Female,56,7,0.0,2,1,1,42442.21,0
6006,15589323,Law,636,France,Female,24,9,0.0,2,0,1,38830.72,0
1813,15595221,Trevisano,850,Germany,Female,33,7,134678.13,1,1,0,113177.95,0
920,15733114,Hay,552,Spain,Male,45,9,0.0,2,1,0,26752.56,0
9305,15783589,Toscano,616,France,Male,40,9,0.0,2,0,0,93717.55,0
9091,15813911,Hayes-Williams,809,France,Female,39,5,0.0,1,1,0,77705.75,0
2030,15666043,Mackey,520,France,Male,33,4,156297.58,2,1,1,166102.61,0
5491,15722322,Green,655,Spain,Female,78,2,0.0,2,0,1,188435.38,0
7950,15617486,Sullivan,530,France,Male,52,1,106723.28,1,0,0,109960.4,1
7000,15776156,Dolgorukova,521,France,Male,27,4,121325.84,1,1,1,164223.7,1
7650,15588854,Wu,715,France,Female,31,3,110581.29,1,1,1,94715.24,0
8054,15800524,Nnanna,686,Germany,Male,29,3,185379.02,1,1,0,64679.07,0
144,15713483,Greeves,793,Spain,Male,52,2,0.0,1,1,0,159123.82,1
460,15662976,Lettiere,637,Spain,Male,37,8,0.0,1,1,1,186062.36,0
4164,15636396,Jackson,627,France,Female,35,7,0.0,2,0,1,193022.44,0
3313,15605684,Phelan,664,France,Female,31,7,104158.84,1,1,0,134169.85,0
5825,15698953,Hart,636,Spain,Male,36,1,0.0,3,1,1,74048.1,1
1863,15726494,Romani,481,France,Male,44,9,175303.06,1,1,0,65500.53,1
7826,15802758,Chinwendu,594,Germany,Female,23,4,104753.84,2,1,0,56756.52,1
3622,15637993,Pokrovsky,711,France,Male,36,9,137688.71,1,1,1,46884.1,0
9557,15780909,Caffyn,769,Germany,Male,34,7,115101.5,1,0,0,57841.89,1
379,15677371,Ko,629,Spain,Female,30,2,34013.63,1,1,0,19570.63,0
1357,15769005,Hayward,709,France,Male,49,4,154344.49,2,1,1,38794.57,0
1745,15682533,Hughes,850,France,Female,39,7,79259.99,1,0,1,186910.74,0
5223,15724719,Jones,550,France,Female,22,7,139096.85,1,1,0,129890.94,0
4910,15787258,Ross,596,Spain,Female,29,6,0.0,2,1,0,116696.77,0
2484,15766896,Chieloka,750,France,Male,37,3,0.0,2,1,0,16870.2,0
7726,15631756,Tuan,482,France,Female,35,5,147813.05,2,0,0,109029.72,0
4715,15611024,Kalinina,567,France,Female,23,9,93522.2,1,0,1,81425.61,0
5710,15606158,Genovese,644,France,Female,39,9,0.0,1,1,0,3740.93,0
2143,15782591,Cook,690,France,Male,35,6,112689.95,1,1,0,176962.31,0
5892,15786469,Montalvo,686,France,Female,34,1,0.0,2,1,0,87278.48,0
1241,15617934,Septimus,579,France,Male,36,9,129829.59,1,1,1,60906.12,0
7589,15600027,Meng,579,Spain,Male,33,1,0.0,2,1,1,54816.57,0
8881,15603764,Chang,560,France,Male,49,4,0.0,1,1,1,100075.1,1
9726,15712536,Fallaci,625,France,Female,36,3,0.0,2,1,0,41295.1,1
9527,15665521,Chiazagomekpele,642,Germany,Male,18,5,111183.53,2,0,1,10063.75,0
2854,15648489,Ting,487,France,Male,53,4,199689.49,1,1,1,24207.86,1
6301,15668235,Cooke,614,France,Female,41,3,123475.04,1,1,1,179227.52,0
6697,15587299,Board,567,France,Female,48,3,0.0,1,1,0,55362.45,0
6178,15813974,Maruff,731,Germany,Male,37,3,116880.53,1,0,0,172718.35,1
7642,15667460,Moore,797,France,Male,31,9,0.0,2,1,1,24748.89,0
947,15745324,Milani,599,Spain,Female,39,4,0.0,1,1,0,194273.2,1
2849,15713608,Tuan,850,France,Female,41,5,0.0,2,1,1,34827.43,0
2729,15770420,Dillon,749,Germany,Male,46,10,78136.36,2,1,1,73470.98,0
3467,15631339,Adams,791,France,Male,28,4,0.0,1,1,0,174435.48,0
4084,15672640,Kambinachi,850,Spain,Female,45,4,114347.85,2,1,1,109089.04,0
2501,15713378,Brownless,711,France,Male,38,10,0.0,2,0,0,53311.78,0
7402,15677395,Nwabugwu,633,France,Female,39,9,129189.15,2,0,0,170998.83,0
886,15721935,Kincaid,521,France,Male,25,7,0.0,2,1,1,157878.67,0
3698,15565796,Docherty,745,Germany,Male,48,10,96048.55,1,1,0,74510.65,0
2757,15765806,Wu,492,France,Male,29,1,144591.96,1,1,1,196293.76,0
6113,15654372,Pearce,462,Germany,Male,34,1,94682.56,2,1,0,138478.2,0
5225,15718216,Fleetwood-Smith,803,Spain,Male,43,3,0.0,1,1,0,72051.44,0
7338,15646082,Harding,676,France,Female,34,8,82909.14,1,1,0,91817.38,1
6529,15696506,MacDonald,604,Spain,Male,27,9,101352.78,1,0,0,30252.3,0
5475,15696277,Hs?,651,France,Female,34,9,0.0,2,1,0,138113.71,0
3419,15632272,Lung,792,France,Female,42,2,0.0,2,1,0,92664.09,0
9113,15567339,Shaw,735,France,Male,73,9,0.0,1,1,1,114283.33,0
2196,15735246,Norman,798,Spain,Female,58,9,0.0,2,0,0,119071.56,1
2639,15698619,Bowhay,593,France,Male,43,9,0.0,2,1,1,76357.43,0
4410,15781598,Middleton,756,Germany,Male,41,6,149049.92,1,0,1,50422.36,1
6912,15710087,Nicholls,705,Germany,Female,54,3,125889.3,3,1,0,96013.5,1
6580,15652401,Lafleur,496,France,Female,36,7,0.0,2,0,0,108098.28,0
9160,15747762,Chigozie,609,France,Male,32,7,118520.41,1,0,0,3815.48,0
4185,15635141,Miller,598,Germany,Male,59,8,118210.42,2,0,0,60192.14,1
4936,15804862,Toscani,505,Germany,Male,43,6,127146.68,1,0,0,137565.87,0
6246,15722083,Ch'ang,591,Spain,Male,39,8,0.0,2,0,0,42392.24,0
7401,15802071,Levi,762,Germany,Male,35,1,117458.51,1,0,1,178361.48,1
6896,15694765,Sabbatini,610,Germany,Male,49,6,113882.33,1,1,0,195813.81,1
3228,15639576,Burns,691,France,Male,26,9,136623.19,1,1,0,153228.0,0
4411,15691871,Millar,503,Germany,Male,42,9,153279.39,1,1,1,151336.96,0
8360,15577107,Milne,657,Spain,Female,22,6,0.0,3,0,1,168412.07,1
1193,15589572,Otutodilichukwu,785,Spain,Female,61,4,129855.72,2,1,0,170214.82,1
1047,15644200,Hamilton,807,Spain,Female,42,1,0.0,1,1,0,16500.66,1
4608,15734524,Wang,653,France,Male,51,3,0.0,1,1,0,170426.65,1
8422,15658258,Trejo,693,France,Male,43,6,128760.32,1,1,0,36342.79,0
1381,15743067,Fuller,625,Germany,Male,26,3,130483.95,1,1,0,122810.53,0
824,15757811,Lloyd,732,Spain,Female,69,9,137453.43,1,0,1,110932.24,1
9863,15651958,Giles,756,France,Male,27,8,0.0,2,1,1,157932.75,0
4970,15584477,K?,655,Spain,Female,35,1,106405.03,1,1,1,82900.25,0
1098,15604295,Wei,543,France,Male,36,6,0.0,2,1,0,176728.28,0
1278,15721719,Calabresi,743,France,Male,42,7,77002.2,2,1,1,80428.42,0
1975,15679283,Parkhill,694,France,Female,33,4,129731.64,2,1,0,178123.86,0
7833,15664849,Colon,573,Spain,Male,46,3,65269.23,1,0,1,189988.65,1
6400,15738501,Booth,601,Germany,Male,48,9,163630.76,1,0,1,41816.49,1
3247,15579212,Chuang,638,France,Male,57,6,0.0,1,1,0,33676.48,1
4992,15701175,Bruno,493,France,Female,33,8,90791.69,1,1,1,59659.53,0
4045,15607142,Parkin,658,France,Male,32,8,0.0,1,1,1,80410.68,0
4035,15800736,Kirwan,601,Spain,Female,42,4,96763.89,1,1,1,199242.65,0
1763,15815660,Mazzi,758,France,Female,34,1,154139.45,1,1,1,60728.89,0
1983,15756680,Phillips,667,France,Male,28,6,165798.1,1,1,0,147090.9,0
1190,15791279,Murray,701,France,Male,40,5,169742.64,1,1,1,153537.55,1
9588,15653050,Norriss,719,Germany,Female,76,10,95052.29,1,1,0,176244.87,0
9977,15656062,Azikiwe,637,France,Female,33,7,103377.81,1,1,0,84419.78,0
1789,15725355,Morey,439,France,Female,43,8,0.0,1,0,1,104889.3,0
524,15742358,Humphreys,696,Germany,Male,32,8,101160.99,1,1,1,115916.55,0
3655,15632365,Booth,542,Germany,Male,33,8,142871.27,2,0,0,77737.86,0
7831,15600173,Manna,595,France,Female,33,9,0.0,2,1,1,41447.86,0
6944,15603741,MacDonnell,719,Spain,Male,40,4,128389.12,1,1,1,176091.31,0
6296,15621550,Hung,535,Spain,Female,50,1,140292.58,3,0,0,69531.22,1
4856,15671148,Barry,490,Germany,Male,33,5,96341.0,2,0,0,108313.34,0
8158,15798834,Yefremov,719,Spain,Female,32,7,0.0,1,0,0,76264.27,0
8958,15787825,Okwudiliolisa,585,Germany,Male,37,6,152496.82,1,1,1,99907.29,0
3194,15725794,Winters,659,France,Female,49,1,0.0,1,1,0,116249.72,1
8003,15753895,Blue,590,Spain,Male,37,1,0.0,2,0,0,133535.99,0
3962,15610781,Watt,702,France,Female,29,10,88378.6,1,1,0,88550.28,0
1326,15729975,Chidozie,613,France,Female,46,8,167795.6,1,0,1,44390.38,0
7528,15611409,Sun,676,Spain,Male,35,0,0.0,2,0,0,139911.58,0
8736,15713599,Castiglione,728,France,Male,30,10,114835.43,1,0,1,37662.49,0
4799,15627377,Sabbatini,593,France,Male,41,6,0.0,2,1,1,99136.49,0
4170,15716728,Basedow,513,Spain,Female,42,10,0.0,2,0,1,73151.25,0
5511,15636330,Ch'in,588,Germany,Female,48,1,143279.58,2,1,0,31580.8,1
5651,15644882,Watson,616,Germany,Female,36,10,78249.53,1,1,0,136934.91,0
2053,15644765,Ashton,689,Germany,Male,26,4,120727.97,1,0,1,149073.88,0
852,15794048,Wan,667,Germany,Female,48,1,97133.92,2,0,0,113316.77,1
4056,15767129,Munz,452,France,Female,60,6,121730.49,1,1,1,142963.29,0
7791,15607176,Kang,674,France,Male,22,3,0.0,1,1,1,173940.59,0
5952,15590637,Ahmed,721,France,Male,41,7,0.0,2,0,1,61018.85,0
3518,15757821,Burgess,771,Spain,Male,18,1,0.0,2,0,0,41542.95,0
4918,15681991,Walsh,542,France,Male,32,7,107871.72,1,1,0,125302.64,0
9964,15814664,Scott,740,Germany,Male,33,2,126524.11,1,1,0,136869.31,0
3284,15775335,Ellis,635,Germany,Female,48,4,81556.89,2,1,0,191914.37,0
4795,15575498,Gould,705,France,Female,39,5,149379.66,2,1,0,96075.55,0
6191,15613923,Reed,581,Spain,Female,43,4,170172.9,1,0,1,100236.02,0
9773,15750549,Akobundu,660,Germany,Male,30,1,84440.1,2,1,1,60485.98,0
2640,15581036,Beyer,712,Germany,Female,40,3,109308.79,2,1,0,120158.72,1
7109,15594812,Campbell,806,Spain,Female,37,2,137794.18,2,0,1,75232.02,0
7989,15699532,Okagbue,516,France,Male,51,8,120124.35,2,0,1,168773.54,0
6083,15636820,Loggia,725,Germany,Male,40,8,104149.66,1,1,0,62027.9,0
8465,15568164,Istomin,850,France,Female,34,4,71379.53,2,1,1,154000.99,0
8795,15578671,Webb,706,Spain,Female,29,1,209490.21,1,1,1,133267.69,1
7843,15702416,Cecil,734,France,Male,43,7,107805.67,1,0,0,182505.68,0
7371,15726167,Scott,655,France,Male,37,4,0.0,2,1,1,142415.97,0
4391,15674328,Moreno,670,France,Female,40,3,47364.45,1,1,1,148579.43,1
6282,15656921,Locke,850,France,Male,31,4,0.0,2,0,0,152298.28,0
2292,15778157,Murray,598,Spain,Male,27,8,90721.52,2,1,0,109296.18,0
8597,15780966,Pritchard,709,France,Female,32,2,0.0,2,0,0,109681.29,0
6025,15568834,Howells,698,Spain,Male,27,6,125427.37,2,0,0,27654.44,0
7154,15735837,Hsia,574,Spain,Male,36,3,0.0,2,1,1,8559.66,0
8135,15761783,Shah,577,France,Male,41,6,0.0,1,1,1,167621.18,0
8737,15744770,Stone,636,France,Male,44,2,0.0,2,0,0,86414.41,0
8150,15585106,Calabresi,492,Germany,Female,38,8,57068.43,2,1,0,188974.81,0
5840,15772996,Rooke,594,Germany,Male,40,0,152092.44,2,1,1,83508.93,0
2185,15689147,Ogochukwu,652,France,Female,40,1,0.0,2,1,0,126554.96,0
7691,15692258,Thompson,569,Spain,Male,31,1,115406.97,1,0,0,145528.22,0
7244,15728906,Ibekwe,634,France,Male,77,5,0.0,2,1,1,161579.85,0
3087,15674206,Walker,716,France,Female,22,8,0.0,2,1,1,92606.98,0
2082,15809143,White,456,Germany,Male,32,9,133060.63,1,1,1,125167.92,0
9574,15796834,Rivers,652,Germany,Male,35,7,104015.54,2,1,1,55207.88,0
1820,15712319,Chukwukere,714,Spain,Male,45,8,150900.29,2,0,1,139889.15,0
4538,15777436,Murray,710,Spain,Female,31,5,0.0,2,1,0,9561.73,0
4317,15720774,P'eng,850,Spain,Male,44,7,89118.26,1,1,0,104240.77,1
5678,15763414,Degtyarev,655,Germany,Male,32,9,113447.01,1,1,0,82084.3,0
52,15768193,Trevisani,585,Germany,Male,36,5,146050.97,2,0,0,86424.57,0
9277,15623989,Griffin,435,France,Male,54,3,0.0,1,1,0,156910.46,1
8337,15788480,Pagnotto,786,Germany,Female,33,0,122325.58,1,0,0,34712.34,1
2021,15565779,Kent,627,Germany,Female,30,6,57809.32,1,1,0,188258.49,0
4114,15667085,Meng,667,France,Male,33,4,0.0,2,1,1,131834.75,0
5555,15784218,Mason,620,Spain,Male,38,0,0.0,2,1,1,38015.34,0
9652,15580493,Chin,469,France,Male,33,1,127818.52,1,1,0,163477.22,0
131,15740404,He,758,France,Female,34,3,0.0,2,1,1,124226.16,0
7344,15763194,Milanesi,643,France,Male,34,7,0.0,2,0,1,100304.13,0
9637,15613048,Anderson,648,Germany,Female,40,5,139973.65,1,1,1,667.66,1
1740,15730639,Fiorentino,715,France,Male,23,7,139224.92,2,1,0,65057.71,0
3477,15806956,Iqbal,746,Spain,Male,30,1,112666.67,1,0,0,11710.4,1
2590,15701096,De Garis,778,France,Male,44,8,123863.64,1,1,0,144494.94,0
6465,15591512,Whittaker,564,Germany,Female,33,2,115761.51,1,0,1,112350.21,1
841,15707567,Esposito,732,Germany,Male,50,6,145338.76,1,0,0,91936.1,1
140,15640905,Vasin,579,Spain,Female,35,1,129490.36,2,0,1,8590.83,1
253,15793726,Matveyeva,681,France,Female,79,0,0.0,2,0,1,170968.99,0
68,15641582,Chibugo,735,Germany,Male,43,10,123180.01,2,1,1,196673.28,0
6865,15797381,DeRose,593,Germany,Female,48,3,133903.12,2,1,1,85902.39,1
3499,15694253,Palerma,686,France,Female,41,7,152105.57,2,0,1,132374.41,0
1437,15646615,Muir,576,Germany,Male,28,1,119336.29,2,0,1,58976.85,0
6992,15752801,Bradshaw,518,Germany,Male,29,9,125961.74,2,1,0,160303.08,1
5684,15651664,Wilder,615,France,Female,61,1,104267.7,1,1,0,62845.64,1
7103,15677112,Chukwufumnanya,519,France,Male,39,2,112957.26,2,1,0,97593.16,0
942,15676521,Y?an,696,France,Female,31,8,0.0,2,0,0,191074.11,0
3507,15806511,Berry,445,Spain,Male,45,10,0.0,2,0,1,90977.48,0
150,15794413,Harris,416,France,Male,32,0,0.0,2,0,1,878.87,0
2554,15732270,Hung,727,Spain,Male,71,8,0.0,1,1,1,198446.91,1
5413,15707322,Nnamdi,779,France,Female,48,2,115290.27,1,0,0,98912.69,1
5287,15690540,Gearheart,684,Spain,Female,41,1,134177.06,1,0,0,177506.66,0
9927,15603674,Knight,803,France,Male,36,1,0.0,2,1,1,149370.93,0
8870,15733597,Y?an,669,France,Female,41,0,150219.41,2,0,0,107839.03,0
7451,15679801,Hsueh,712,Spain,Female,39,5,163097.55,2,1,1,23702.42,0
807,15613319,Rice,793,France,Female,33,0,0.0,1,0,0,175544.02,0
449,15694860,Uspensky,675,France,Female,38,6,68065.8,1,0,0,138777.0,1
4233,15632977,Hsiao,745,France,Male,47,5,0.0,2,0,0,145789.71,0
7779,15697034,Norris,583,Spain,Female,22,2,0.0,2,0,1,5985.36,0
6151,15625761,Maclean,632,Germany,Male,41,8,127205.32,4,1,0,93874.87,1
9455,15739248,Lin,727,France,Male,52,4,0.0,2,1,1,118429.02,0
6768,15654964,Piccio,608,Spain,Male,48,7,75801.74,1,1,0,125762.95,0
7041,15655658,Bulgakov,678,France,Female,48,2,0.0,2,1,1,32301.88,0
5568,15787222,Ch'in,676,Germany,Male,28,1,69459.05,2,1,1,128461.29,0
9687,15708362,Watson,793,France,Male,63,4,103729.79,2,1,1,80272.06,0
5973,15623499,Holman,548,Germany,Male,49,9,108437.89,1,0,0,127022.87,1
3277,15577806,Chiu,794,Germany,Female,54,1,75900.84,1,1,1,192154.66,0
1446,15646302,Shao,705,France,Female,24,7,100169.51,1,1,0,121408.55,0
1002,15592089,Larsen,788,France,Female,43,10,0.0,2,1,1,116111.51,0
4273,15600708,Calabresi,640,Spain,Female,34,3,77826.8,1,1,1,168544.85,0
6351,15799600,Coles,640,Germany,Male,48,1,111599.32,1,0,1,135995.58,0
8092,15715510,Eluemuno,768,France,Male,29,2,95984.69,2,1,1,73686.75,0
2679,15767793,Hsu,819,France,Female,38,10,0.0,2,1,0,30498.7,0
3241,15717560,Martin,580,France,Male,50,0,125647.36,1,1,0,57541.08,1
1761,15701121,Holt,521,France,Male,38,5,110641.18,1,0,1,136507.69,1
3588,15599410,Stanley,721,France,Male,41,2,0.0,2,1,0,168219.75,0
2749,15753332,Loftus,401,Germany,Male,48,8,128140.17,1,1,0,175753.55,1
1363,15683841,Hamilton,555,Germany,Male,41,10,113270.2,2,1,1,185387.14,0
7106,15597536,Nkemjika,576,Spain,Male,45,5,133618.01,1,0,0,135244.87,0
8977,15796617,McGregor,720,France,Male,29,2,0.0,2,1,0,39925.52,0
2920,15736760,Douglas,538,Spain,Female,42,9,0.0,1,0,0,152855.96,0
9193,15791040,Vasilyeva,801,Spain,Male,58,1,79954.61,2,1,1,30484.19,0
3320,15567114,McGarry,430,France,Male,35,1,118894.22,1,0,0,2923.61,0
3630,15738291,Nevzorova,671,France,Female,48,8,115713.84,2,0,0,83210.84,0
9868,15620936,Warren,787,France,Male,32,4,0.0,2,1,1,13238.93,0
338,15648064,Kennedy,649,France,Male,33,2,0.0,2,1,0,2010.98,0
5544,15585777,Pai,710,France,Male,38,3,130588.82,1,1,1,154997.64,0
4782,15804131,Farmer,850,Spain,Female,53,7,65407.16,2,0,0,182633.63,1
90,15767954,Osborne,635,Germany,Female,28,3,81623.67,2,1,1,156791.36,0
5823,15671351,Romani,624,Spain,Male,35,2,0.0,2,1,0,87310.59,0
8595,15672930,Palerma,722,Spain,Male,37,9,0.0,2,1,0,31921.95,0
4506,15628583,Iweobiegbunam,709,France,Female,30,5,0.0,2,0,1,161388.22,0
2014,15742238,Dellucci,705,Germany,Male,35,4,136496.12,2,1,0,116672.02,0
355,15625461,Amos,613,France,Female,45,1,187841.99,2,1,1,147224.27,0
687,15801277,Maccallum,715,France,Female,31,2,112212.14,2,1,1,181600.72,0
8659,15700540,Barrera,557,Germany,Female,38,2,129893.56,1,0,0,102076.03,0
5888,15691287,Ford,675,Germany,Female,33,0,141816.25,1,1,0,64815.05,1
7407,15742009,Hsueh,489,Spain,Male,58,4,0.0,2,1,1,191419.32,0
925,15658485,Heath,785,France,Female,34,9,70302.48,1,1,1,68600.36,0
9112,15711062,Thomas,633,Germany,Male,40,5,86172.81,2,1,1,117279.49,0
5709,15626156,Galloway,655,France,Female,60,3,0.0,2,1,1,86981.45,0
5712,15730345,Miah,617,France,Female,35,2,104508.1,1,1,1,147636.46,0
3032,15638963,Garran,678,France,Female,22,4,174852.89,1,1,1,28149.06,0
9202,15788183,Longo,458,Germany,Female,43,1,106870.12,2,1,0,100564.37,0
7384,15672912,Loggia,737,Spain,Female,39,7,130051.66,2,0,0,55356.39,1
8177,15800811,Wan,702,France,Male,40,3,148556.74,1,0,1,146056.29,0
5431,15746028,Chu,714,France,Female,24,7,0.0,2,1,0,166335.0,0
2514,15755825,McGuirk,666,France,Male,39,10,0.0,2,1,0,102999.33,0
6641,15815615,Kung,681,France,Male,36,5,141952.07,1,1,1,185144.08,0
2110,15589224,Moore,596,Spain,Male,41,5,0.0,2,0,1,141053.85,0
9451,15784010,Williamson,666,Germany,Male,33,2,124125.26,1,1,0,81884.8,0
7370,15757188,Chimaijem,644,Spain,Female,26,4,153455.72,2,1,1,82696.84,0
181,15716334,Rozier,850,Spain,Female,45,2,122311.21,1,1,1,19482.5,0
4915,15679062,Morrison,734,Germany,Female,47,10,91522.04,2,1,1,138835.91,0
9471,15694859,McLean,751,Germany,Female,28,10,132932.14,2,1,1,46630.47,0
7651,15810716,Kerr,750,Germany,Male,42,8,151836.36,2,1,0,68695.38,0
1681,15811236,Burns,705,Spain,Male,39,6,133261.13,1,1,1,78065.9,0
6065,15680399,Tung,772,France,Male,23,2,0.0,2,1,0,18364.19,0
2584,15567333,Archambault,712,France,Female,31,7,0.0,2,1,0,170333.38,0
6068,15675431,Chidimma,563,France,Female,34,6,0.0,2,0,0,36536.93,0
5862,15713819,Walsh,562,France,Male,48,3,92347.96,1,1,1,163116.75,0
1494,15686963,Hardiman,680,Spain,Female,30,3,0.0,1,1,0,160131.58,0
1091,15604304,Perry,539,Germany,Female,34,4,91622.42,1,1,1,136603.42,0
2869,15707968,Akobundu,545,Spain,Male,36,8,73211.12,2,1,0,89587.34,1
7783,15595991,Hsiung,585,France,Male,54,8,87105.32,1,1,1,55346.14,0
9801,15640507,Li,762,Spain,Female,35,3,119349.69,3,1,1,47114.18,1
6645,15567893,Lei,556,Germany,Male,33,3,124213.36,2,1,0,62627.55,0
8039,15756824,Giordano,613,Germany,Female,50,5,101242.98,2,1,0,12493.61,0
1099,15724127,McLean,790,France,Female,26,4,141581.71,2,0,0,98309.27,0
5656,15573171,Liao,695,Spain,Male,63,1,146202.93,1,1,1,126688.83,1
6860,15811927,Marcelo,733,France,Female,38,3,157658.36,1,0,0,19658.43,0
9400,15744695,Tu,694,France,Male,39,5,77652.4,1,1,1,25407.59,0
9700,15570145,Long,763,France,Female,23,2,0.0,2,1,0,153983.99,0
9134,15726776,Donnelly,705,Spain,Male,36,1,111629.29,1,1,1,21807.16,0
3836,15670859,Smith,718,Germany,Female,39,7,93148.74,2,1,1,190746.38,0
816,15619708,Harker,745,France,Male,25,5,157993.15,2,1,0,146041.45,0
2684,15739046,Maggard,850,Spain,Female,23,9,143054.85,1,0,1,62980.96,0
5212,15662263,Castillo,749,Germany,Male,22,4,94762.16,2,1,1,42241.54,0
7281,15611973,Tuan,804,France,Male,55,7,0.0,2,1,1,118752.6,0
3660,15664668,Zarate,534,France,Female,42,9,144801.97,1,0,1,12483.39,1
5993,15682955,Capon,758,France,Female,32,2,84378.9,1,1,1,75396.43,0
7493,15776545,Napolitani,682,France,Male,28,10,200724.96,1,0,1,82872.64,1
2111,15795990,Lumholtz,722,Germany,Female,48,10,138311.76,1,1,1,3472.63,1
7286,15725028,Chialuka,679,France,Male,29,3,0.0,2,1,1,63687.06,0
1649,15655574,Okeke,698,Germany,Female,40,8,150777.1,1,1,0,114732.62,0
3157,15569641,Sung,692,Germany,Female,41,8,130701.29,1,1,0,59354.24,1
6706,15782875,Cayley,663,France,Male,33,5,157274.36,2,1,1,28531.81,0
273,15796505,Boyle,811,Germany,Female,34,1,149297.19,2,1,1,186339.74,0
1431,15703143,Tuan,820,France,Female,29,3,82344.84,1,0,1,115985.38,0
9259,15652674,Hou,539,France,Male,20,0,83459.86,1,1,1,146752.67,0
2754,15774491,Ross,480,France,Female,28,6,0.0,2,0,0,48131.92,0
8304,15728333,McBurney,521,France,Male,43,8,0.0,1,1,1,93180.09,0
9587,15786418,Chiu,546,France,Female,20,6,0.0,1,0,1,20508.85,0
6409,15738497,Chukwujamuike,729,Spain,Male,44,4,107726.93,2,1,0,153064.87,0
8584,15715888,Allardyce,591,France,Female,38,2,142289.28,1,0,1,119638.85,0
8285,15701741,Williams,711,France,Female,39,3,152462.79,1,1,0,90305.97,0
2868,15654211,Milani,559,Spain,Female,27,1,0.0,1,0,1,1050.33,0
8758,15567383,Slone,678,Germany,Female,44,2,98009.13,2,0,1,31384.86,0
8553,15749345,Simpson,468,France,Female,22,1,76318.64,1,1,1,194783.12,0
4127,15664759,Lamb,675,Spain,Male,32,10,0.0,2,1,0,191545.65,0
3267,15779744,Chou,537,Spain,Male,30,1,103138.17,1,1,1,96555.42,0
7273,15666166,Pettry,653,France,Female,74,0,121276.32,1,1,1,160348.31,0
2713,15628170,Brown,565,Germany,Female,32,9,68067.24,1,1,0,143287.58,0
1771,15689980,Willis,725,Spain,Female,36,4,118520.26,1,0,0,131173.9,1
7702,15702801,Ts'ao,677,France,Female,29,3,86616.35,1,0,0,91903.9,1
4012,15732307,Lavrentiev,694,Germany,Male,33,4,124067.32,1,1,1,77906.87,0
7416,15635598,Hsieh,812,France,Male,29,6,0.0,2,0,0,168023.6,0
222,15787155,Yang,514,Spain,Male,30,7,0.0,1,0,1,125010.24,0
563,15665678,Tan,607,Spain,Male,36,8,158261.68,1,1,1,76744.72,0
6335,15611329,Findlay,608,Spain,Female,35,6,0.0,2,1,1,143463.28,0
6420,15767804,Feng,729,France,Male,44,6,0.0,2,1,0,151733.43,0
2807,15787529,Gray,592,Spain,Male,38,0,0.0,1,1,0,65986.48,1
7978,15588341,Chigozie,647,Spain,Male,47,10,99835.17,1,0,1,89103.05,0
2239,15808784,Hess,835,France,Male,28,2,163569.61,2,1,1,154559.28,0
3408,15797760,Bogdanov,632,France,Male,40,3,193354.86,2,1,0,149188.41,0
3697,15633586,Brierly,595,France,Female,39,7,120962.13,1,0,0,23305.01,0
6535,15590078,Burns,622,Spain,Male,27,9,139834.93,1,1,1,152733.89,0
8942,15810660,Boyle,774,Germany,Male,34,4,120875.23,2,0,1,113407.26,0
4409,15795963,Fiorentini,687,France,Male,34,7,129895.19,1,0,1,28698.17,0
8860,15743456,Birnie,715,France,Female,32,10,0.0,2,1,0,60907.49,0
8697,15647572,Greece,504,Spain,Male,34,0,54980.81,1,1,1,136909.88,0
8265,15710111,Clark,742,France,Male,33,6,0.0,2,0,0,38550.4,0
2806,15618936,MacDonald,688,France,Female,51,5,0.0,1,1,0,91624.11,1
1270,15723339,Chin,554,France,Female,38,4,137654.05,2,1,1,172629.67,0
5087,15667289,Henderson,719,Spain,Male,50,2,0.0,2,0,0,10772.13,0
6678,15737169,Johnson,642,Spain,Male,26,8,144238.7,1,1,1,184399.76,0
9912,15776229,MacPherson,682,France,Male,44,3,115282.3,1,0,0,23766.4,0
8226,15804142,Tan,670,Spain,Female,57,3,175575.95,2,1,0,99061.75,1
6965,15569249,Howarth,576,France,Female,55,6,44582.07,3,0,1,67539.85,1
9177,15610433,Kwemto,573,France,Male,35,9,0.0,2,1,0,11743.89,0
6190,15572408,Chambers,714,Germany,Male,39,3,149887.49,2,1,0,63846.36,0
2931,15573452,Manning,663,Germany,Male,42,7,115930.87,1,1,0,19862.78,0
31,15589475,Azikiwe,591,Spain,Female,39,3,0.0,3,1,0,140469.38,1
6552,15651740,Napolitani,525,Spain,Female,30,5,0.0,2,0,1,149195.44,0
8457,15730705,Chidubem,715,France,Male,37,9,165252.52,1,1,0,85286.3,0
1353,15596552,Stephens,535,Germany,Male,48,5,134542.73,1,1,1,58203.67,1
3036,15687491,Nkemdilim,817,Germany,Male,45,9,101207.75,1,0,0,88211.12,1
2723,15675422,Conway,544,France,Female,32,9,110728.39,1,1,1,14559.62,0
2167,15780650,Biryukov,667,France,Male,40,9,0.0,1,1,1,96670.2,0
65,15592461,Jackson,603,Germany,Male,26,4,109166.37,1,1,1,92840.67,0
4645,15714240,Ponomarev,712,Spain,Male,74,5,0.0,2,0,0,151425.82,0
560,15571816,Ritchie,850,Spain,Female,70,5,0.0,1,1,1,705.18,0
8361,15754747,Bazile,686,Germany,Male,33,9,141918.09,2,0,1,184036.47,0
5434,15641575,Anenechukwu,577,France,Male,37,2,127261.35,1,1,0,56185.05,0
5593,15670343,Li,576,Spain,Male,19,6,0.0,2,0,0,72306.07,0
156,15679145,Chou,706,Spain,Male,57,7,0.0,1,1,0,17941.16,1
6981,15748360,Cocci,644,Germany,Female,34,10,122196.99,2,1,1,182099.71,0
7883,15732061,Liu,850,Germany,Female,45,1,121874.89,1,0,0,6865.41,1
2096,15673578,Page,611,Germany,Female,40,7,128486.91,2,1,0,10109.47,0
6723,15750602,Clendinnen,662,France,Male,29,5,147092.65,1,1,0,10928.3,0
3748,15645835,Milani,605,France,Male,32,9,0.0,2,1,1,55724.24,0
3023,15678168,Gibson,648,Spain,Female,27,7,0.0,2,1,1,163060.43,0
7256,15632503,Meng,563,France,Female,32,0,148326.09,1,1,0,191604.27,1
5318,15791114,Yegorova,700,France,Male,37,1,135179.49,1,1,0,160670.37,0
9813,15711572,O'Kane,705,Germany,Female,31,9,110941.93,2,1,0,163484.8,0
1053,15623471,Marcelo,607,Germany,Male,38,3,98205.77,1,1,0,176318.27,0
3219,15774872,Joslin,663,France,Male,36,10,0.0,2,1,0,136349.55,0
2991,15809823,Thurgood,491,Germany,Male,19,2,125860.2,1,0,0,129690.5,0
9001,15723217,Cremonesi,616,France,Male,37,9,0.0,1,1,0,111312.96,0
259,15750803,Jess,693,France,Female,30,6,127992.25,1,1,1,50457.2,0
8533,15780805,Lu,585,France,Female,35,2,0.0,2,1,0,98621.04,1
8228,15702434,Hsieh,850,France,Female,30,3,0.0,2,1,0,116692.8,0
8417,15751771,Lowe,528,Germany,Male,32,2,99092.45,1,0,1,111149.98,0
2325,15748116,Zetticci,681,France,Female,29,2,148143.84,1,1,1,52021.39,0
7072,15709459,Oluchi,698,Spain,Female,63,5,0.0,1,1,1,173576.71,0
6354,15676353,Etheridge,598,France,Male,35,8,114212.6,1,1,1,74322.85,0
9897,15589420,Osinachi,795,France,Female,40,2,101891.1,1,1,1,183044.86,0
9541,15634551,Williamson,727,Germany,Male,46,3,115248.11,4,1,0,130752.01,1
1320,15763612,T'an,756,Germany,Male,41,2,124439.49,2,0,1,47093.11,0
8756,15697510,Tien,707,Spain,Female,52,7,0.0,1,1,0,109688.82,1
5059,15682322,Aksenov,714,France,Male,37,9,148466.93,2,0,1,151280.96,0
2203,15751788,Johnson,850,Spain,Male,28,9,97408.03,1,1,1,175853.64,0
6883,15609160,Marsden,586,France,Male,32,1,0.0,2,0,0,31635.99,0
7217,15730287,Ugonna,679,France,Male,41,8,147726.98,3,1,0,172749.4,1
4192,15715597,Onyemauchechi,679,France,Male,36,1,97234.58,1,1,0,188997.08,0
871,15799422,Evans,535,France,Female,40,8,0.0,1,1,1,27689.77,0
9155,15690337,Chinwenma,581,France,Female,27,5,102258.11,2,1,0,194681.6,0
8863,15769246,Lo Duca,813,Germany,Male,59,2,135078.41,1,1,0,187636.06,1
3043,15622833,Mahon,835,Germany,Female,29,10,130420.2,2,0,0,106276.55,0
9690,15728005,Urban,698,France,Female,57,9,111359.55,2,1,0,105715.01,0
3535,15614687,Tien,677,Germany,Female,44,4,148770.61,2,1,1,191057.76,0
1277,15690182,Kapustin,635,Germany,Male,37,5,113488.68,1,1,0,95611.74,1
1404,15721487,Pirogova,739,France,Female,27,6,0.0,1,1,1,57572.38,0
5986,15702145,Edments,705,Spain,Male,33,7,68423.89,1,1,1,64872.55,0
9685,15635775,Watt,781,France,Male,33,3,89276.48,1,1,0,6959.0,0
167,15724623,Taubman,704,Germany,Female,24,7,113034.22,1,1,0,162503.48,1
623,15636444,Craig,535,Germany,Female,53,5,141616.55,2,1,1,75888.65,0
7137,15689781,Ts'ai,826,France,Female,49,0,0.0,1,0,0,178709.98,1
3240,15776844,Hao,762,Spain,Female,19,6,0.0,2,1,0,55500.17,0
6903,15636548,Lung,457,Spain,Male,44,7,0.0,2,0,0,185992.36,0
1295,15584363,Longstaff,824,France,Male,30,0,133634.02,1,1,1,162053.92,0
7504,15652048,Thompson,563,Germany,Male,44,7,105007.31,2,1,1,197812.16,0
831,15695846,Hawkins,684,France,Female,34,6,0.0,2,1,1,130928.22,0
4530,15570087,Parry-Okeden,664,France,Female,44,8,142989.69,1,1,1,115452.51,1
2885,15776047,Nicholls,620,France,Female,29,3,0.0,2,0,1,153392.28,0
6756,15683483,Fleming,812,Spain,Male,38,3,127117.8,2,1,1,174822.74,0
2397,15732476,Ifeanyichukwu,600,France,Female,27,3,0.0,2,0,1,125698.97,0
6818,15593128,Vinogradoff,608,France,Female,56,10,129255.2,2,1,0,142492.04,1
3629,15573319,Azubuike,493,Germany,Female,35,8,178317.6,1,0,0,197428.64,0
7392,15766734,Castiglione,430,France,Male,31,5,0.0,1,1,0,95655.16,0
8115,15607269,Costa,492,Germany,Female,49,2,151249.45,2,1,1,167237.94,0
373,15694506,Briggs,611,Germany,Male,31,0,107884.81,2,1,1,183487.98,0
1029,15686345,McCaffrey,828,Spain,Male,34,9,0.0,2,1,1,81853.98,0
6825,15740264,Yobachi,640,France,Male,38,9,0.0,2,1,0,88827.67,0
5301,15613734,Fallaci,640,France,Female,33,6,84719.13,2,1,1,113048.79,0
7490,15789014,Scott,600,France,Female,26,6,108909.12,1,1,0,82547.01,0
4679,15589147,Frolov,580,Spain,Male,61,8,125921.37,1,1,1,94677.83,0
3751,15793042,Sung,629,France,Male,39,2,129669.32,2,1,0,82774.07,0
9353,15610090,Han,667,France,Male,40,8,72945.29,2,1,0,98931.5,0
1587,15595282,White,735,France,Female,33,4,0.0,2,1,0,149474.69,0
8028,15769412,Atkinson,684,Spain,Male,39,4,207034.96,2,0,0,157694.76,1
3601,15573599,Adamson,506,France,Female,57,6,0.0,2,0,1,194421.12,1
2002,15734311,Hamilton,661,France,Female,27,3,0.0,2,1,1,76889.79,0
1424,15589221,Kennedy,657,Germany,Male,30,1,139762.13,2,1,1,23317.88,0
8373,15811958,Medland,850,Germany,Male,44,2,112755.34,2,0,0,158171.36,0
7671,15711759,Wilkins,576,France,Female,29,5,108541.04,1,1,1,126469.09,0
1765,15636238,Graham,611,France,Male,40,1,0.0,2,1,1,102547.56,0
7577,15666096,Ibekwe,676,Spain,Male,27,4,0.0,1,0,1,107955.67,0
963,15753831,Cox,642,Spain,Male,32,7,100433.8,1,1,1,39768.59,0
1630,15595303,Johnston,736,Germany,Male,46,5,130812.91,1,1,1,77981.54,1
9213,15605339,Baker,673,France,Female,37,10,0.0,2,1,1,37411.35,0
6116,15604813,Zaytseva,494,France,Male,40,7,0.0,2,0,1,158071.69,0
6861,15785654,Ofodile,727,Germany,Male,45,6,114422.85,2,1,1,104678.78,1
8677,15576124,Muravyova,582,France,Male,41,1,40488.76,1,1,0,128528.83,0
5751,15583392,Woronoff,747,Germany,Male,37,9,135776.36,3,1,0,85470.45,1
4969,15572158,Blackburn,604,Spain,Male,41,3,0.0,1,0,0,11819.84,0
2024,15731890,Chukwukere,601,France,Male,41,1,123971.16,1,0,1,172814.99,0
9097,15762331,Moss,569,France,Male,37,9,178755.84,1,1,0,199929.17,0
211,15752047,Trevisano,689,Germany,Male,33,2,161814.64,2,1,0,169381.9,0
9488,15672574,Uspenskaya,850,Spain,Female,32,5,0.0,1,1,1,3830.59,0
7239,15594133,Erskine,697,Spain,Male,62,7,0.0,1,1,0,129188.18,1
3969,15595657,Hannam,649,Germany,Male,40,4,95001.33,1,0,1,123202.99,0
2046,15655238,Dellucci,668,France,Female,31,9,0.0,2,0,0,41291.73,0
6262,15595162,Cattaneo,708,Spain,Female,35,8,122570.69,1,0,0,199005.88,0
2900,15810944,Bryant,586,France,Female,35,7,0.0,2,1,0,70760.69,0
58,15647091,Endrizzi,725,Germany,Male,19,0,75888.2,1,0,0,45613.75,0
9598,15730441,Dodd,509,France,Male,26,10,0.0,2,1,1,6177.83,0
575,15644753,Hung,848,Spain,Male,40,3,110929.96,1,1,1,30876.84,0
9413,15724648,Chikezie,725,France,Male,26,6,98684.15,1,0,0,133720.57,0
9192,15764708,Chiabuotu,572,France,Male,30,6,117696.67,1,1,0,100843.82,0
7739,15768746,McLean,561,France,Male,33,6,0.0,2,0,0,173680.39,0
7758,15641585,Newton,850,France,Male,40,6,97339.99,1,0,1,88815.25,0
8874,15810839,Rogers,610,France,Male,34,0,103108.17,1,0,0,125646.82,0
8387,15641110,Abron,708,France,Male,41,0,0.0,1,1,0,128400.62,0
3089,15730448,Iroawuchi,538,Germany,Male,25,5,62482.95,1,1,1,102758.43,0
3350,15603465,Dunn,665,Germany,Female,45,5,155447.65,2,1,0,51871.95,1
4068,15767391,Otutodilinna,565,Germany,Female,32,4,90322.99,2,0,1,118740.37,0
6506,15761053,Lock,596,Germany,Male,48,2,131326.47,1,0,0,1140.02,1
5156,15656426,Tyler,713,France,Female,42,3,0.0,2,0,0,82565.01,0
1925,15586243,Yobachi,667,France,Male,44,8,122277.87,1,1,1,91810.71,0
4251,15631359,Daluchi,489,France,Female,38,5,117289.92,1,0,0,85231.88,0
7569,15809909,Fan,422,Spain,Female,54,4,0.0,2,1,1,7166.71,0
6849,15634628,Brown,579,France,Female,33,1,65667.79,2,0,0,164608.98,0
1393,15730540,Simpson,794,Spain,Male,45,8,88656.37,2,1,0,116547.31,0
8663,15637599,Cremonesi,510,Germany,Female,44,4,123070.89,1,1,0,28461.29,1
1418,15774166,Mitchell,607,Germany,Female,24,2,109483.54,2,0,1,127560.77,0
7579,15656417,Marsh,582,France,Female,39,1,132077.48,2,1,0,192255.15,0
4438,15779522,Efimov,736,France,Female,24,0,0.0,2,1,0,109355.73,1
7535,15786539,Olisaemeka,808,France,Male,32,1,0.0,2,1,1,46200.71,0
9234,15722004,Hsiung,543,France,Female,31,4,138317.94,1,0,0,61843.73,0
7349,15813363,Woods,448,Spain,Male,25,2,0.0,2,0,0,95215.73,0
9787,15609521,Chimaraoke,803,Germany,Male,34,4,142929.16,2,1,1,114869.56,0
1835,15694188,Obidimkpa,700,Spain,Female,46,5,56580.95,2,0,1,45424.13,0
323,15694408,Lung,749,France,Male,40,1,139290.41,1,1,0,182855.42,1
1988,15758606,Yamamoto,738,France,Male,54,4,0.0,1,0,1,55725.04,1
8048,15576111,Reagan,734,Germany,Male,33,5,121898.58,1,1,0,61829.89,0
7829,15581286,Castro,734,France,Female,40,9,176914.8,1,1,1,12799.23,0
8957,15723481,Wright,728,Spain,Male,42,8,0.0,2,0,1,41823.22,0
9282,15679966,Marsh,661,France,Female,31,3,133964.3,1,1,1,166187.1,0
6804,15594515,Cheng,568,France,Female,44,7,0.0,2,0,0,62370.67,1
1293,15636589,Murray,794,France,Female,41,7,0.0,2,1,1,74275.08,0
851,15572265,Wu,646,Germany,Male,46,1,170826.55,2,1,0,45041.32,0
8596,15668774,Chiemenam,758,Germany,Female,23,5,122739.1,1,1,0,102460.84,1
8113,15623966,Yermakov,578,France,Female,35,2,0.0,2,0,1,26389.92,0
2152,15588614,Walton,753,France,Male,57,7,0.0,1,1,0,159475.08,1
3550,15647725,Napolitano,675,France,Female,61,5,62055.17,3,1,0,166305.16,1
5642,15662232,Learmonth,675,Germany,Male,42,2,92616.64,2,1,0,8567.18,0
6205,15766458,Tang,498,France,Male,33,1,198113.86,1,1,0,69664.35,0
5917,15698872,Brown,633,Spain,Female,39,2,0.0,2,0,0,191207.03,0
9518,15738042,Goliwe,543,Germany,Male,37,8,140894.06,2,1,1,118059.19,0
6577,15808905,Levan,823,France,Male,37,5,164858.18,1,1,1,173516.71,0
3520,15594878,Thompson,661,Spain,Female,41,5,28082.95,1,1,0,69586.27,1
7187,15565996,Arnold,653,France,Male,44,8,0.0,2,1,1,154639.72,0
5143,15778526,Bradshaw,719,Spain,Female,48,5,0.0,2,0,0,78563.66,0
458,15634632,Titus,711,France,Male,38,3,0.0,2,1,0,68487.51,0
1734,15752508,Docherty,614,Germany,Male,32,7,99462.8,2,1,1,51117.06,0
9143,15663312,Marino,494,France,Female,35,9,112727.06,2,1,0,183752.91,0
2669,15582325,Jennings,524,France,Male,52,2,87894.26,1,1,0,173899.42,1
9169,15650018,Chen,681,France,Female,43,8,154100.3,1,0,0,114659.81,0
6166,15801942,Chu,619,Spain,Female,41,8,0.0,3,1,1,79866.73,1
9871,15580462,Corby,607,Spain,Male,40,1,112544.45,1,1,1,19842.22,0
1600,15719309,Stephens,670,France,Female,42,1,115961.58,2,0,1,29483.87,0
8798,15630466,Maclean,797,France,Male,45,8,0.0,1,0,0,125110.02,0
1937,15810457,Miller,728,Germany,Female,33,9,150412.14,2,1,0,170764.08,0
4006,15677052,Ko,589,France,Female,59,2,0.0,2,1,1,126160.24,1
5561,15631436,Gleeson,564,France,Male,35,4,0.0,1,1,0,158937.55,0
9725,15804295,Pinto,485,France,Male,41,2,100254.76,2,1,1,12706.67,0
5089,15734610,Onio,543,France,Male,42,4,89838.71,3,1,0,85983.54,1
1049,15645103,Su,812,Germany,Male,25,5,54817.55,1,1,0,131660.31,0
9387,15672027,McIntyre,717,Germany,Female,33,10,102185.42,2,1,0,23231.93,0
427,15652883,Chung,492,Germany,Male,39,10,124576.65,2,1,0,148584.61,0
7935,15803886,Barber,629,Spain,Male,31,6,132876.55,1,1,1,130862.11,0
2724,15681550,Lablanc,614,France,Female,41,8,121558.46,1,1,1,598.8,0
4678,15791780,Ts'ao,706,Germany,Female,48,10,104478.12,3,0,1,158248.71,1
1518,15812071,Endrizzi,744,France,Male,54,6,93806.31,2,0,1,140068.77,0
7201,15593959,Travis,524,France,Male,28,1,93577.3,1,1,1,51670.82,0
8557,15575445,Ferguson,629,Spain,Male,41,10,150148.51,1,0,0,6936.27,0
6841,15685826,Hsiung,563,France,Male,30,7,90727.79,1,1,0,122268.75,0
6755,15688085,Warner,627,Spain,Female,28,3,157597.61,1,0,1,34097.22,0
155,15709368,Milne,614,France,Female,43,6,0.0,2,1,1,109041.53,0
3770,15663263,Collins,698,France,Male,47,5,156265.31,2,0,0,1055.66,0
3863,15726588,Seleznev,653,Spain,Female,36,3,0.0,2,0,0,110525.6,0
9826,15701936,Bell,467,Germany,Male,28,10,126315.26,1,1,0,32349.29,1
9404,15695465,Gibson,638,France,Female,36,6,0.0,1,1,0,164247.51,0
6563,15797475,Brennan,720,France,Male,44,3,86102.27,1,1,0,180134.88,1
6132,15749401,Ko,686,France,Male,60,9,0.0,3,1,1,75246.21,1
2798,15731327,Hale,652,Germany,Male,27,2,166527.88,2,0,1,146007.7,0
4964,15652084,Boni,515,France,Male,40,0,109542.29,1,1,1,166370.81,0
8710,15713517,Otitodilinna,529,France,Male,39,6,102025.08,2,1,0,12351.01,0
5493,15568487,Gorshkov,712,France,Male,35,7,124616.23,1,1,1,69320.97,0
2421,15783305,Franklin,593,France,Female,46,7,98752.51,1,1,0,145560.38,0
6257,15611186,Yevdokimova,609,France,Male,37,1,39344.83,1,1,1,178291.89,1
9800,15722731,Manna,653,France,Male,46,0,119556.1,1,1,0,78250.13,1
965,15580956,McNess,683,Germany,Female,43,4,115888.04,1,1,1,117349.19,1
7125,15697460,Lai,596,Germany,Male,34,4,99441.21,2,0,1,4802.27,0
8630,15577598,Chiang,651,Spain,Male,23,4,115636.05,2,1,0,70400.86,0
489,15731744,Carslaw,692,France,Male,30,2,0.0,2,0,1,130486.57,0
6107,15626044,Lettiere,762,Germany,Male,28,3,125155.83,2,1,1,106024.02,0
9501,15645600,Obidimkpa,739,Spain,Female,27,8,98926.4,1,1,1,106969.98,0
2300,15763171,Hu,650,Germany,Female,25,2,114330.95,1,1,1,25325.07,0
5278,15589924,Rapuluolisa,577,Spain,Female,40,1,0.0,2,1,1,108787.0,0
209,15684181,Hackett,643,France,Male,45,5,0.0,1,1,0,142513.5,1
9698,15609735,Campbell,533,Germany,Male,51,6,127545.56,2,0,0,79559.02,1
4457,15724428,Abel,544,France,Male,40,8,0.0,2,1,0,61581.2,0
4054,15785385,Fiorentino,550,Spain,Male,51,5,0.0,2,1,0,153917.41,0
2949,15694395,Ts'ui,620,France,Female,29,1,138740.24,2,0,0,154700.61,0
3949,15743818,Rowley,748,Spain,Male,58,9,122330.7,2,0,1,124429.19,0
9118,15600280,Tao,703,France,Female,32,6,0.0,2,0,0,33606.52,0
3,15619304,Onio,502,France,Female,42,8,159660.8,3,1,0,113931.57,1
6979,15778604,Nicholson,571,France,Female,47,7,0.0,2,0,0,112366.98,0
7614,15768449,Ricci,634,France,Female,37,7,51582.5,2,1,1,184312.88,0
7075,15752139,Salter,682,Germany,Male,36,5,72373.62,2,1,0,36895.99,0
9543,15621140,Nwebube,644,Spain,Male,37,9,0.0,2,1,1,96442.86,0
7556,15721504,King,731,Spain,Male,41,3,0.0,2,1,0,101371.72,0
5208,15751022,Bowhay,777,Germany,Female,37,10,121532.17,2,1,1,73464.88,0
739,15661036,Davis,725,France,Male,46,6,0.0,2,1,0,161767.38,0
8695,15742116,Torres,671,Germany,Female,48,9,116711.06,2,0,0,76373.38,0
3728,15768367,Nebechukwu,781,France,Female,27,7,186558.55,1,1,1,175071.29,1
1974,15635728,P'an,693,France,Male,41,4,0.0,2,0,0,156381.47,0
4362,15592000,Calabresi,781,Germany,Female,48,9,82794.18,1,1,0,124720.68,1
6832,15696989,Chukwueloka,469,Germany,Female,52,8,139493.25,3,0,0,150093.32,1
4188,15677785,Stevenson,656,Spain,Male,32,5,136963.12,1,1,0,133814.28,0
5719,15814519,Kamdibe,648,France,Female,37,7,0.0,2,1,0,194238.92,0
1659,15654851,Obialo,748,France,Male,44,2,92911.52,1,0,1,85495.24,0
6447,15596011,Artyomova,529,Spain,Male,34,9,0.0,1,1,1,93208.22,0
7321,15778142,Shih,850,Germany,Female,31,1,130089.56,2,1,1,4466.21,0
5193,15607884,Wallace,663,France,Female,39,8,0.0,2,1,1,101168.9,0
8251,15688865,Wade,850,France,Female,35,9,0.0,2,0,0,25329.48,0
2374,15671789,Woods,616,France,Male,31,3,94263.91,2,1,0,168895.06,0
7908,15688157,Padovano,683,Germany,Female,39,2,47685.47,2,1,1,86019.48,0
3696,15757628,Savage,571,France,Male,40,10,112896.86,1,1,1,121402.53,0
9107,15663650,Russell,698,Germany,Male,52,10,107304.39,3,1,0,28806.32,1
2455,15636089,Hs?,678,Germany,Female,51,1,145751.03,1,0,0,109718.44,1
1329,15574331,Alexeeva,593,Germany,Female,62,3,118233.81,1,0,1,24765.53,1
3650,15745355,Golibe,597,France,Male,41,4,153198.23,1,1,1,92090.36,0
8989,15812279,William,634,France,Male,37,5,115345.86,2,0,0,168781.8,0
2758,15566708,Chidalu,444,France,Female,45,4,0.0,2,1,0,161653.5,1
4455,15641312,Paterson,615,France,Male,36,6,0.0,1,1,1,27011.8,1
5584,15620579,Dunn,695,Spain,Female,31,8,0.0,2,0,1,131644.41,0
1231,15742480,Igwebuike,775,Germany,Male,36,2,109949.05,2,0,1,71682.54,0
3431,15780925,Tretyakova,625,France,Male,37,1,177069.24,2,1,1,96088.54,0
9599,15666767,Lori,508,France,Male,35,1,86893.28,1,0,0,59374.82,0
4013,15726814,Walton,554,Spain,Male,46,4,0.0,2,0,1,57320.92,0
433,15705521,Pisani,548,Germany,Female,33,0,101084.36,1,1,0,42749.85,0
1445,15703019,Okeke,583,France,Female,38,10,0.0,2,0,1,113597.64,0
8520,15633525,Payne,631,France,Male,29,7,0.0,2,0,1,125877.22,0
7654,15788215,Hsia,535,Spain,Female,30,5,122924.75,1,0,0,62390.59,1
3232,15587177,Lloyd,646,France,Male,36,6,124445.52,1,1,0,88481.32,0
6833,15688498,Chu,594,Germany,Female,21,2,87096.82,2,1,0,168186.11,0
3548,15641359,Shao,662,Spain,Female,35,6,0.0,2,0,0,2423.9,1
1957,15605286,Moyes,565,France,Male,55,4,118803.35,2,1,1,128124.7,1
8654,15650454,Tran,641,France,Male,57,5,0.0,2,1,1,122449.18,0
5504,15631739,Dunn,704,Spain,Male,24,10,122109.78,1,1,1,127654.37,0
764,15622750,Chu,742,Germany,Female,21,1,114292.48,1,1,0,31520.4,0
4684,15694890,Lai,588,France,Male,38,1,124271.26,1,1,0,75969.19,0
3944,15671915,Bowen,649,France,Male,46,5,0.0,2,1,1,76946.6,0
1440,15806967,Simmons,778,France,Female,65,7,0.0,1,1,1,77867.23,0
8311,15752809,De Mestre,702,Spain,Male,43,6,116121.67,1,1,0,61602.42,0
8759,15732621,Martin,663,France,Male,34,10,0.0,1,1,1,114083.73,0
3290,15592570,Marino,773,Spain,Female,23,8,0.0,2,1,0,56759.79,0
2415,15806027,Niu,556,France,Female,52,9,0.0,1,1,0,175149.2,1
770,15685329,McKenzie,531,France,Female,63,1,114715.71,1,0,1,24506.95,1
420,15615624,De Salis,605,France,Female,28,6,0.0,2,0,0,159508.52,0
6545,15716218,Higgins,709,France,Female,45,3,104118.5,1,0,1,174032.0,0
5137,15680767,Sabbatini,717,Germany,Female,64,10,98362.35,2,1,1,21630.21,0
