RowNumber,CustomerId,Surname,Predicted_Churn
7868,15697201,Yocum,1
1403,15613282,Vorobyova,0
8607,15694581,Rawlings,0
8886,15815125,Michael,0
6495,15752846,Pinto,0
9629,15596624,Topp,0
7460,15583724,Raymond,0
3965,15714981,Sabbatini,0
7001,15739548,Johnson,0
4471,15593795,Linton,1
9997,15569892,Johnstone,0
1798,15764170,Pinto,1
4697,15699467,Connor,0
717,15677369,Golubov,0
2189,15799211,Anenechi,0
8614,15577018,Tsao,0
7554,15792107,Black,0
758,15815364,Ashley,0
1554,15568106,L?,0
3430,15674678,Bradley,0
8329,15687171,Birch,0
7212,15690153,Sun,0
6836,15618391,Doyle,0
1138,15645269,Duncan,0
2828,15584190,Esposito,0
1758,15704763,Kozlova,0
7873,15717736,Shen,0
9125,15753639,Gibson,0
4852,15618239,Neumann,1
7309,15618703,White,1
557,15705515,Lazarev,0
6062,15758023,Grigoryeva,1
3763,15643042,Han,0
4372,15714391,Lai,0
7002,15662854,Manna,0
3475,15778861,Wallace,0
5624,15696812,Lazareva,0
3820,15718289,Bradley,1
988,15613749,Lees,0
9771,15659327,Moffitt,0
5360,15801832,Lombardo,1
9298,15699797,Santana,0
7865,15594436,Mazzi,0
6333,15793046,Holden,0
4319,15803685,Greco,0
9027,15807593,Berry,0
586,15718057,Onyinyechukwuka,1
3210,15622585,McIntyre,0
9045,15653347,Chiu,1
9962,15566543,Aldridge,0
8615,15809515,Lewis,0
2013,15780124,Blair,0
952,15785899,Ch'en,0
9038,15792862,Blinova,0
6222,15603554,Berkeley,1
4959,15594502,Zotov,0
9522,15660636,Carpenter,0
3246,15768151,Romano,1
4315,15582276,Greco,0
3220,15611191,Scott,0
1558,15706815,Samoylova,0
7101,15668830,Wan,0
8640,15654891,He,0
4947,15644692,Bibb,1
5957,15594928,Pagnotto,0
5199,15660768,L?,0
8093,15663770,Doyle,0
8086,15656286,Sims,0
7301,15788224,Sanderson,1
8581,15801915,Rendall,0
344,15684484,White,0
5353,15675749,Baranov,0
4907,15571244,Tung,0
240,15795149,Stevens,0
8867,15810995,Wright,0
8382,15764314,Reilly,0
5369,15745326,Carandini,1
7632,15793896,John,0
6811,15642996,Tsai,0
314,15797960,Skinner,1
577,15761986,Obialo,0
2553,15756560,Moran,0
7069,15730793,Russell,1
4445,15639049,Cartagena,0
16,15643966,Goforth,0
5028,15807989,Wall,0
6493,15643121,Chu,0
2148,15574167,Fox,0
6193,15731781,Onyemachukwu,0
2144,15612109,Speth,0
3177,15613014,Hs?,0
1524,15751531,Shaw,0
8118,15639117,Sorenson,0
5077,15720676,Bukowski,0
681,15780804,Nucci,0
7923,15642099,Tsui,0
9988,15588839,Mancini,0
3445,15801699,Fishbourne,0
4961,15767626,Carpenter,0
2490,15776824,Rossi,0
7314,15583067,McMillan,0
5930,15695078,Kemp,0
3333,15720508,Hsing,0
9284,15752186,Padovano,0
5464,15750099,Marshall,0
1976,15591386,Golubova,0
30,15656300,Lucciano,0
475,15603156,Elewechi,0
8976,15763415,Gray,0
4351,15754072,Dennis,0
343,15681081,Marrero,0
9381,15597109,Vanzetti,0
3502,15802060,Ch'ang,0
7377,15765093,Coates,0
5505,15625584,Martin,0
29,15728693,McWilliams,0
1818,15804075,Chuang,0
3259,15577514,Mai,0
7728,15612729,Chidiebere,0
8449,15717191,Ferri,0
6700,15809999,Gordon,0
4870,15781272,Coles,1
35,15732963,Clements,0
9361,15671934,Veale,0
7007,15660390,Boyle,0
2062,15710295,Patrick,0
2396,15672374,Pai,1
785,15571221,Bergamaschi,1
8743,15661827,Brown,0
6980,15751180,Adams,0
1613,15649121,Pinto,1
9206,15758750,Iweobiegbunam,0
4675,15689492,Benjamin,0
1896,15649418,Krylov,0
9243,15630704,Haworth,0
2242,15633112,Madukaego,0
6604,15683213,Bergamaschi,0
704,15566292,Okwuadigbo,0
5480,15648766,Robertson,0
1006,15701602,Ayers,1
7020,15699839,Hall,0
8078,15741693,Barnard,0
9136,15664432,Chao,1
5886,15723856,Gonzalez,0
4395,15669175,Ts'ai,0
7668,15606554,Douglas,0
2787,15585100,Rioux,0
9474,15690733,Angelo,0
1595,15576676,Serrano,0
8565,15584704,Chiazagomekpele,1
2339,15806307,Favors,0
4689,15669606,Chu,0
6822,15704209,Noble,0
2764,15654495,Potter,1
1888,15680918,Freeman,0
1830,15605275,Ofodile,1
3897,15767894,Ch'ien,0
9263,15751445,Chikwado,0
9551,15721715,Fane,0
6043,15685872,Godfrey,0
721,15721658,Fleming,1
1373,15723006,Gorbunova,0
6939,15698324,Azikiwe,0
559,15717046,Wentworth-Shields,0
3855,15580935,Okechukwu,0
4216,15574213,Wilson,0
2819,15806837,Nnaife,0
9984,15656710,Cocci,1
5489,15628155,Dike,0
5460,15617507,Wilson,0
3818,15724251,Todd,0
4938,15625632,Philip,0
2146,15639322,Grave,0
7280,15810485,Sun,0
3798,15669887,Lambert,1
9117,15672082,Schatz,1
5929,15761241,Hsieh,0
2673,15630920,Du Cane,0
2048,15814536,Conti,0
1829,15792649,Patterson,0
8431,15775949,Trevisani,0
9612,15586522,Hunter,0
9834,15807245,McKay,0
4130,15810829,Macfarlan,1
8433,15582519,Seleznyov,0
4366,15716328,Miller,0
1491,15761976,Su,0
2498,15748123,Chienezie,0
5022,15632793,Wilkinson,0
6622,15710365,Thomson,0
9116,15692977,Ikenna,0
4256,15596228,Uwaezuoke,0
6336,15740428,Wyatt,0
4480,15579112,Gibson,0
1807,15683471,Hansen,0
1772,15633260,Dumetochukwu,0
4967,15682070,Davies,0
311,15712287,Pokrovskii,0
6703,15792668,Hamilton,0
3827,15751774,Monnier,0
6550,15792029,Lee,0
3154,15750056,Hyde,0
9972,15721377,Chou,0
2122,15583576,Tai,0
2357,15614934,McEwan,0
8218,15635500,Seleznyov,0
7917,15610936,Becher,0
1020,15600583,Garner,0
173,15651022,Yost,1
7958,15582149,Ts'ui,0
6518,15795246,Kaeppel,0
6631,15726960,O'Brien,0
6413,15598982,Klein,1
2583,15703205,Uwaezuoke,0
6089,15752912,Perkin,0
6034,15759966,Chiemenam,0
4258,15756894,Onwuka,0
8295,15569430,Burrows,0
4756,15740072,Padovesi,0
6462,15666975,Sparks,0
213,15573152,Glassman,0
5597,15796957,Iadanza,0
5937,15773723,Duncan,0
723,15736879,Obinna,0
4064,15575691,Palerma,0
3114,15779529,Grant,0
6129,15672016,Sabbatini,0
4989,15775067,Fang,0
6383,15575060,Gardner,0
1709,15772892,Robertson,1
2175,15633108,Thorpe,0
3592,15621685,Davies,0
4198,15707674,Marino,1
710,15734886,Mazzi,0
2722,15576824,Kennedy,1
102,15743192,Hung,0
203,15600974,He,1
5297,15702462,Fiorentini,0
9149,15595640,Rizzo,0
6942,15628950,Coates,0
4939,15727703,Li Fonti,0
9879,15770041,Manna,0
6702,15629390,Liao,0
8011,15787756,Nkemdirim,1
3348,15694510,Ifeanyichukwu,0
9141,15784323,Gallo,0
9748,15775761,Iweobiegbunam,1
3781,15685290,Wall,0
7547,15735221,Sousa,0
5291,15743490,Zikoranachidimma,1
7347,15720644,Martin,0
7571,15791944,Harker,1
813,15578980,Piazza,0
5063,15650432,Liu,0
7803,15717962,Ch'iu,0
6599,15677141,Turnbull,0
5919,15742609,Lombardo,0
4839,15582335,Brown,0
9208,15643770,Yu,1
8393,15641158,Belcher,0
6202,15753079,Chidi,1
9081,15620443,Fiorentino,0
2808,15780128,Ogbonnaya,0
6015,15747323,Vasilyeva,1
9348,15802809,Vidal,0
5262,15814022,Lassetter,0
2328,15613713,Kozlova,0
6850,15775678,Uspensky,0
7821,15576131,Phillips,0
4226,15671804,Wilding,0
4022,15697100,Wright,1
9961,15681026,Lucciano,0
4239,15710390,Uspensky,0
533,15663478,Baldwin,0
2903,15804002,Kovalev,0
4100,15720509,Hs?,0
5848,15569666,Goddard,1
7653,15569394,Bailey,0
5363,15779985,Lo,0
7413,15631693,Hill,0
2335,15616380,Wheeler,0
4508,15587690,Madueke,0
6229,15733138,Paterson,0
1169,15710456,Balmain,0
3942,15603170,Kang,0
2368,15682600,Lo,0
3472,15743582,T'ang,0
7238,15753550,Levien,0
5906,15731519,Kerr,0
1227,15775572,Bergamaschi,0
5446,15779174,Young,0
7688,15776494,Siciliano,0
7170,15684722,Fraser,0
2431,15689351,Johnson,0
8731,15634373,Yang,0
8539,15648030,Crump,0
9755,15572114,Shih,0
6123,15577313,Lionel,0
8267,15706764,Spencer,0
859,15686137,Barry,0
6292,15779886,Munson,0
8050,15808868,Nwokeocha,1
8705,15777586,Moss,0
5924,15612095,Calabrese,1
4599,15641474,Hall,0
7246,15763579,Castro,0
5770,15611612,Priestley,0
6511,15643916,Munro,0
8768,15585466,Russo,0
9714,15623566,Barnhill,0
6203,15684995,Chamberlain,0
1117,15723250,Teng,0
7522,15611189,Allingham,0
8298,15664681,Aitken,0
3217,15742204,Hsu,0
6684,15710316,Fang,0
9469,15638047,Chia,0
2710,15780212,Mao,0
1211,15658969,Gray,1
8224,15603328,Lucchesi,0
7693,15807889,Wood,1
8095,15597957,Rahman,0
7423,15746258,Wright,0
7712,15763029,Ch'iu,0
6238,15778897,Cartwright,0
5791,15646351,Somerville,0
6309,15766427,Shaw,1
8604,15702541,Fraser,1
5800,15649853,Craig,1
3758,15679284,Aksenov,1
4962,15632521,Cattaneo,0
7043,15617348,Uchechukwu,0
5944,15658813,Siciliani,0
2091,15602551,Johnson,0
2201,15641114,Power,0
245,15576269,Madison,0
2728,15581748,Shen,0
5852,15722053,Oguejiofor,0
1947,15698321,Yobanna,0
7150,15699340,Okorie,0
2007,15745543,Hughes,0
7657,15575146,Jamieson,0
2494,15715920,De Bernales,0
3537,15748034,Drakeford,0
5365,15704144,Mazzanti,0
8538,15800068,Cooper,0
7067,15680643,Lo,0
1839,15758813,Campbell,0
6810,15688868,Birdsall,0
7898,15639252,Shao,0
7465,15569682,Leckie,1
3813,15790267,Onuoha,0
3018,15701962,Scott,0
7252,15746995,Greco,0
7357,15683993,Knight,0
3842,15750778,Ponomarev,1
7841,15611756,Chapman,0
1197,15739131,Whitworth,0
1464,15669293,Hovell,0
2818,15768244,Macleod,0
4946,15646784,Cochran,0
9957,15707861,Nucci,0
1433,15687959,Landman,0
1912,15590606,Saunders,0
5049,15741416,Yegorov,0
5897,15645136,O'Donnell,0
7389,15808023,Remington,0
8880,15774277,Chiu,0
1447,15680855,Iloabuchi,0
7601,15762392,Ilyina,0
3873,15620123,Christie,0
659,15568595,Fleming,0
2726,15597951,Muir,0
4116,15584505,Hill,0
8399,15582116,Ma,0
5477,15723864,Lucas,0
7077,15766906,Salier,0
8755,15619045,Baxter,0
1368,15627232,Jibunoh,1
7907,15712960,Olisanugo,0
4900,15696852,Hsu,0
8724,15803202,Onyekachi,1
9883,15785490,Okeke,0
5458,15725221,Sabbatini,0
6489,15598097,Johnstone,0
4330,15753362,Evdokimov,0
1479,15630725,Johnson,0
2411,15613326,Gow,0
3623,15720338,Mazzanti,0
9225,15667944,Onuchukwu,0
9042,15724336,Yates,1
2314,15644621,Mironova,0
1591,15651802,Day,0
3706,15769645,Senior,0
7474,15638272,Tien,0
6673,15660403,Fleming,0
3581,15634359,Dyer,1
2952,15671655,Thorpe,0
3941,15659736,Herbert,1
1564,15777576,Frost,0
8517,15783875,Li Fonti,0
3613,15792151,Hamilton,0
6340,15700325,Onyeoruru,0
3774,15747854,Rudd,0
8000,15591489,Davison,0
747,15787619,Hsieh,0
5078,15731829,Simmons,0
9159,15568849,Bryan,0
3891,15719579,McIntosh,0
1653,15675501,Woods,0
9461,15581089,Knight,0
8947,15572294,Kelly,0
4357,15693326,Whitehouse,0
8412,15719479,Chukwuhaenye,0
6006,15589323,Law,0
1813,15595221,Trevisano,0
920,15733114,Hay,0
9305,15783589,Toscano,0
9091,15813911,Hayes-Williams,0
2030,15666043,Mackey,0
5491,15722322,Green,0
7950,15617486,Sullivan,1
7000,15776156,Dolgorukova,0
7650,15588854,Wu,0
8054,15800524,Nnanna,0
144,15713483,Greeves,1
460,15662976,Lettiere,0
4164,15636396,Jackson,0
3313,15605684,Phelan,0
5825,15698953,Hart,1
1863,15726494,Romani,0
7826,15802758,Chinwendu,0
3622,15637993,Pokrovsky,0
9557,15780909,Caffyn,0
379,15677371,Ko,0
1357,15769005,Hayward,0
1745,15682533,Hughes,0
5223,15724719,Jones,0
4910,15787258,Ross,0
2484,15766896,Chieloka,0
7726,15631756,Tuan,0
4715,15611024,Kalinina,0
5710,15606158,Genovese,0
2143,15782591,Cook,0
5892,15786469,Montalvo,0
1241,15617934,Septimus,0
7589,15600027,Meng,0
8881,15603764,Chang,0
9726,15712536,Fallaci,0
9527,15665521,Chiazagomekpele,0
2854,15648489,Ting,0
6301,15668235,Cooke,0
6697,15587299,Board,1
6178,15813974,Maruff,0
7642,15667460,Moore,0
947,15745324,Milani,0
2849,15713608,Tuan,0
2729,15770420,Dillon,0
3467,15631339,Adams,0
4084,15672640,Kambinachi,0
2501,15713378,Brownless,0
7402,15677395,Nwabugwu,0
886,15721935,Kincaid,0
3698,15565796,Docherty,1
2757,15765806,Wu,0
6113,15654372,Pearce,0
5225,15718216,Fleetwood-Smith,1
7338,15646082,Harding,0
6529,15696506,MacDonald,0
5475,15696277,Hs?,0
3419,15632272,Lung,0
9113,15567339,Shaw,0
2196,15735246,Norman,1
2639,15698619,Bowhay,0
4410,15781598,Middleton,0
6912,15710087,Nicholls,1
6580,15652401,Lafleur,0
9160,15747762,Chigozie,0
4185,15635141,Miller,1
4936,15804862,Toscani,1
6246,15722083,Ch'ang,0
7401,15802071,Levi,0
6896,15694765,Sabbatini,1
3228,15639576,Burns,0
4411,15691871,Millar,0
8360,15577107,Milne,0
1193,15589572,Otutodilichukwu,1
1047,15644200,Hamilton,1
4608,15734524,Wang,1
8422,15658258,Trejo,0
1381,15743067,Fuller,0
824,15757811,Lloyd,0
9863,15651958,Giles,0
4970,15584477,K?,0
1098,15604295,Wei,0
1278,15721719,Calabresi,0
1975,15679283,Parkhill,0
7833,15664849,Colon,0
6400,15738501,Booth,0
3247,15579212,Chuang,1
4992,15701175,Bruno,0
4045,15607142,Parkin,0
4035,15800736,Kirwan,0
1763,15815660,Mazzi,0
1983,15756680,Phillips,0
1190,15791279,Murray,0
9588,15653050,Norriss,1
9977,15656062,Azikiwe,0
1789,15725355,Morey,1
524,15742358,Humphreys,0
3655,15632365,Booth,0
7831,15600173,Manna,0
6944,15603741,MacDonnell,0
6296,15621550,Hung,1
4856,15671148,Barry,0
8158,15798834,Yefremov,0
8958,15787825,Okwudiliolisa,0
3194,15725794,Winters,1
8003,15753895,Blue,0
3962,15610781,Watt,0
1326,15729975,Chidozie,0
7528,15611409,Sun,0
8736,15713599,Castiglione,0
4799,15627377,Sabbatini,0
4170,15716728,Basedow,0
5511,15636330,Ch'in,0
5651,15644882,Watson,0
2053,15644765,Ashton,0
852,15794048,Wan,1
4056,15767129,Munz,0
7791,15607176,Kang,0
5952,15590637,Ahmed,0
3518,15757821,Burgess,0
4918,15681991,Walsh,0
9964,15814664,Scott,0
3284,15775335,Ellis,1
4795,15575498,Gould,0
6191,15613923,Reed,0
9773,15750549,Akobundu,0
2640,15581036,Beyer,0
7109,15594812,Campbell,0
7989,15699532,Okagbue,0
6083,15636820,Loggia,1
8465,15568164,Istomin,0
8795,15578671,Webb,0
7843,15702416,Cecil,0
7371,15726167,Scott,0
4391,15674328,Moreno,0
6282,15656921,Locke,0
2292,15778157,Murray,0
8597,15780966,Pritchard,0
6025,15568834,Howells,0
7154,15735837,Hsia,0
8135,15761783,Shah,0
8737,15744770,Stone,0
8150,15585106,Calabresi,0
5840,15772996,Rooke,0
2185,15689147,Ogochukwu,0
7691,15692258,Thompson,0
7244,15728906,Ibekwe,0
3087,15674206,Walker,0
2082,15809143,White,0
9574,15796834,Rivers,0
1820,15712319,Chukwukere,0
4538,15777436,Murray,0
4317,15720774,P'eng,0
5678,15763414,Degtyarev,0
52,15768193,Trevisani,0
9277,15623989,Griffin,1
8337,15788480,Pagnotto,1
2021,15565779,Kent,0
4114,15667085,Meng,0
5555,15784218,Mason,0
9652,15580493,Chin,0
131,15740404,He,0
7344,15763194,Milanesi,0
9637,15613048,Anderson,0
1740,15730639,Fiorentino,0
3477,15806956,Iqbal,0
2590,15701096,De Garis,0
6465,15591512,Whittaker,0
841,15707567,Esposito,1
140,15640905,Vasin,0
253,15793726,Matveyeva,0
68,15641582,Chibugo,0
6865,15797381,DeRose,0
3499,15694253,Palerma,0
1437,15646615,Muir,0
6992,15752801,Bradshaw,0
5684,15651664,Wilder,1
7103,15677112,Chukwufumnanya,0
942,15676521,Y?an,0
3507,15806511,Berry,0
150,15794413,Harris,0
2554,15732270,Hung,0
5413,15707322,Nnamdi,1
5287,15690540,Gearheart,0
9927,15603674,Knight,0
8870,15733597,Y?an,0
7451,15679801,Hsueh,0
807,15613319,Rice,0
449,15694860,Uspensky,0
4233,15632977,Hsiao,0
7779,15697034,Norris,0
6151,15625761,Maclean,1
9455,15739248,Lin,0
6768,15654964,Piccio,1
7041,15655658,Bulgakov,0
5568,15787222,Ch'in,0
9687,15708362,Watson,0
5973,15623499,Holman,1
3277,15577806,Chiu,1
1446,15646302,Shao,0
1002,15592089,Larsen,0
4273,15600708,Calabresi,0
6351,15799600,Coles,1
8092,15715510,Eluemuno,0
2679,15767793,Hsu,0
3241,15717560,Martin,1
1761,15701121,Holt,0
3588,15599410,Stanley,0
2749,15753332,Loftus,1
1363,15683841,Hamilton,0
7106,15597536,Nkemjika,0
8977,15796617,McGregor,0
2920,15736760,Douglas,1
9193,15791040,Vasilyeva,0
3320,15567114,McGarry,0
3630,15738291,Nevzorova,0
9868,15620936,Warren,0
338,15648064,Kennedy,0
5544,15585777,Pai,0
4782,15804131,Farmer,1
90,15767954,Osborne,0
5823,15671351,Romani,0
8595,15672930,Palerma,0
4506,15628583,Iweobiegbunam,0
2014,15742238,Dellucci,0
355,15625461,Amos,0
687,15801277,Maccallum,0
8659,15700540,Barrera,0
5888,15691287,Ford,0
7407,15742009,Hsueh,0
925,15658485,Heath,0
9112,15711062,Thomas,0
5709,15626156,Galloway,0
5712,15730345,Miah,0
3032,15638963,Garran,0
9202,15788183,Longo,0
7384,15672912,Loggia,0
8177,15800811,Wan,0
5431,15746028,Chu,0
2514,15755825,McGuirk,0
6641,15815615,Kung,0
2110,15589224,Moore,0
9451,15784010,Williamson,0
7370,15757188,Chimaijem,0
181,15716334,Rozier,0
4915,15679062,Morrison,0
9471,15694859,McLean,0
7651,15810716,Kerr,0
1681,15811236,Burns,0
6065,15680399,Tung,0
2584,15567333,Archambault,0
6068,15675431,Chidimma,0
5862,15713819,Walsh,0
1494,15686963,Hardiman,0
1091,15604304,Perry,0
2869,15707968,Akobundu,0
7783,15595991,Hsiung,0
9801,15640507,Li,1
6645,15567893,Lei,0
8039,15756824,Giordano,1
1099,15724127,McLean,0
5656,15573171,Liao,0
6860,15811927,Marcelo,0
9400,15744695,Tu,0
9700,15570145,Long,0
9134,15726776,Donnelly,0
3836,15670859,Smith,0
816,15619708,Harker,0
2684,15739046,Maggard,0
5212,15662263,Castillo,0
7281,15611973,Tuan,0
3660,15664668,Zarate,0
5993,15682955,Capon,0
7493,15776545,Napolitani,0
2111,15795990,Lumholtz,1
7286,15725028,Chialuka,0
1649,15655574,Okeke,0
3157,15569641,Sung,1
6706,15782875,Cayley,0
273,15796505,Boyle,0
1431,15703143,Tuan,0
9259,15652674,Hou,0
2754,15774491,Ross,0
8304,15728333,McBurney,0
9587,15786418,Chiu,0
6409,15738497,Chukwujamuike,0
8584,15715888,Allardyce,0
8285,15701741,Williams,0
2868,15654211,Milani,0
8758,15567383,Slone,0
8553,15749345,Simpson,0
4127,15664759,Lamb,0
3267,15779744,Chou,0
7273,15666166,Pettry,0
2713,15628170,Brown,0
1771,15689980,Willis,0
7702,15702801,Ts'ao,0
4012,15732307,Lavrentiev,0
7416,15635598,Hsieh,0
222,15787155,Yang,0
563,15665678,Tan,0
6335,15611329,Findlay,0
6420,15767804,Feng,0
2807,15787529,Gray,0
7978,15588341,Chigozie,0
2239,15808784,Hess,0
3408,15797760,Bogdanov,0
3697,15633586,Brierly,0
6535,15590078,Burns,0
8942,15810660,Boyle,0
4409,15795963,Fiorentini,0
8860,15743456,Birnie,0
8697,15647572,Greece,0
8265,15710111,Clark,0
2806,15618936,MacDonald,1
1270,15723339,Chin,0
5087,15667289,Henderson,0
6678,15737169,Johnson,0
9912,15776229,MacPherson,0
8226,15804142,Tan,1
6965,15569249,Howarth,1
9177,15610433,Kwemto,0
6190,15572408,Chambers,0
2931,15573452,Manning,1
31,15589475,Azikiwe,1
6552,15651740,Napolitani,0
8457,15730705,Chidubem,0
1353,15596552,Stephens,1
3036,15687491,Nkemdilim,1
2723,15675422,Conway,0
2167,15780650,Biryukov,0
65,15592461,Jackson,0
4645,15714240,Ponomarev,0
560,15571816,Ritchie,0
8361,15754747,Bazile,0
5434,15641575,Anenechukwu,0
5593,15670343,Li,0
156,15679145,Chou,1
6981,15748360,Cocci,0
7883,15732061,Liu,1
2096,15673578,Page,0
6723,15750602,Clendinnen,0
3748,15645835,Milani,0
3023,15678168,Gibson,0
7256,15632503,Meng,0
5318,15791114,Yegorova,0
9813,15711572,O'Kane,0
1053,15623471,Marcelo,0
3219,15774872,Joslin,0
2991,15809823,Thurgood,0
9001,15723217,Cremonesi,0
259,15750803,Jess,0
8533,15780805,Lu,0
8228,15702434,Hsieh,0
8417,15751771,Lowe,0
2325,15748116,Zetticci,0
7072,15709459,Oluchi,0
6354,15676353,Etheridge,0
9897,15589420,Osinachi,0
9541,15634551,Williamson,1
1320,15763612,T'an,0
8756,15697510,Tien,1
5059,15682322,Aksenov,0
2203,15751788,Johnson,0
6883,15609160,Marsden,0
7217,15730287,Ugonna,1
4192,15715597,Onyemauchechi,0
871,15799422,Evans,0
9155,15690337,Chinwenma,0
8863,15769246,Lo Duca,1
3043,15622833,Mahon,0
9690,15728005,Urban,1
3535,15614687,Tien,0
1277,15690182,Kapustin,0
1404,15721487,Pirogova,0
5986,15702145,Edments,0
9685,15635775,Watt,0
167,15724623,Taubman,0
623,15636444,Craig,0
7137,15689781,Ts'ai,1
3240,15776844,Hao,0
6903,15636548,Lung,0
1295,15584363,Longstaff,0
7504,15652048,Thompson,0
831,15695846,Hawkins,0
4530,15570087,Parry-Okeden,0
2885,15776047,Nicholls,0
6756,15683483,Fleming,0
2397,15732476,Ifeanyichukwu,0
6818,15593128,Vinogradoff,1
3629,15573319,Azubuike,0
7392,15766734,Castiglione,0
8115,15607269,Costa,1
373,15694506,Briggs,0
1029,15686345,McCaffrey,0
6825,15740264,Yobachi,0
5301,15613734,Fallaci,0
7490,15789014,Scott,0
4679,15589147,Frolov,0
3751,15793042,Sung,0
9353,15610090,Han,0
1587,15595282,White,0
8028,15769412,Atkinson,0
3601,15573599,Adamson,0
2002,15734311,Hamilton,0
1424,15589221,Kennedy,0
8373,15811958,Medland,0
7671,15711759,Wilkins,0
1765,15636238,Graham,0
7577,15666096,Ibekwe,0
963,15753831,Cox,0
1630,15595303,Johnston,1
9213,15605339,Baker,0
6116,15604813,Zaytseva,0
6861,15785654,Ofodile,0
8677,15576124,Muravyova,0
5751,15583392,Woronoff,1
4969,15572158,Blackburn,0
2024,15731890,Chukwukere,0
9097,15762331,Moss,0
211,15752047,Trevisano,0
9488,15672574,Uspenskaya,0
7239,15594133,Erskine,1
3969,15595657,Hannam,0
2046,15655238,Dellucci,0
6262,15595162,Cattaneo,0
2900,15810944,Bryant,0
58,15647091,Endrizzi,0
9598,15730441,Dodd,0
575,15644753,Hung,0
9413,15724648,Chikezie,0
9192,15764708,Chiabuotu,0
7739,15768746,McLean,0
7758,15641585,Newton,0
8874,15810839,Rogers,0
8387,15641110,Abron,0
3089,15730448,Iroawuchi,0
3350,15603465,Dunn,0
4068,15767391,Otutodilinna,0
6506,15761053,Lock,1
5156,15656426,Tyler,0
1925,15586243,Yobachi,0
4251,15631359,Daluchi,0
7569,15809909,Fan,0
6849,15634628,Brown,0
1393,15730540,Simpson,0
8663,15637599,Cremonesi,1
1418,15774166,Mitchell,0
7579,15656417,Marsh,0
4438,15779522,Efimov,0
7535,15786539,Olisaemeka,0
9234,15722004,Hsiung,0
7349,15813363,Woods,0
9787,15609521,Chimaraoke,0
1835,15694188,Obidimkpa,1
323,15694408,Lung,0
1988,15758606,Yamamoto,1
8048,15576111,Reagan,0
7829,15581286,Castro,0
8957,15723481,Wright,0
9282,15679966,Marsh,0
6804,15594515,Cheng,0
1293,15636589,Murray,0
851,15572265,Wu,0
8596,15668774,Chiemenam,0
8113,15623966,Yermakov,0
2152,15588614,Walton,1
3550,15647725,Napolitano,1
5642,15662232,Learmonth,0
6205,15766458,Tang,0
5917,15698872,Brown,0
9518,15738042,Goliwe,0
6577,15808905,Levan,0
3520,15594878,Thompson,0
7187,15565996,Arnold,0
5143,15778526,Bradshaw,0
458,15634632,Titus,0
1734,15752508,Docherty,0
9143,15663312,Marino,0
2669,15582325,Jennings,1
9169,15650018,Chen,0
6166,15801942,Chu,1
9871,15580462,Corby,0
1600,15719309,Stephens,0
8798,15630466,Maclean,1
1937,15810457,Miller,0
4006,15677052,Ko,0
5561,15631436,Gleeson,0
9725,15804295,Pinto,0
5089,15734610,Onio,1
1049,15645103,Su,0
9387,15672027,McIntyre,0
427,15652883,Chung,0
7935,15803886,Barber,0
2724,15681550,Lablanc,0
4678,15791780,Ts'ao,1
1518,15812071,Endrizzi,0
7201,15593959,Travis,0
8557,15575445,Ferguson,0
6841,15685826,Hsiung,0
6755,15688085,Warner,0
155,15709368,Milne,0
3770,15663263,Collins,0
3863,15726588,Seleznev,0
9826,15701936,Bell,0
9404,15695465,Gibson,0
6563,15797475,Brennan,0
6132,15749401,Ko,1
2798,15731327,Hale,0
4964,15652084,Boni,0
8710,15713517,Otitodilinna,0
5493,15568487,Gorshkov,0
2421,15783305,Franklin,1
6257,15611186,Yevdokimova,0
9800,15722731,Manna,0
965,15580956,McNess,0
7125,15697460,Lai,0
8630,15577598,Chiang,0
489,15731744,Carslaw,0
6107,15626044,Lettiere,0
9501,15645600,Obidimkpa,0
2300,15763171,Hu,0
5278,15589924,Rapuluolisa,0
209,15684181,Hackett,1
9698,15609735,Campbell,1
4457,15724428,Abel,0
4054,15785385,Fiorentino,0
2949,15694395,Ts'ui,0
3949,15743818,Rowley,0
9118,15600280,Tao,0
3,15619304,Onio,1
6979,15778604,Nicholson,0
7614,15768449,Ricci,0
7075,15752139,Salter,0
9543,15621140,Nwebube,0
7556,15721504,King,0
5208,15751022,Bowhay,0
739,15661036,Davis,0
8695,15742116,Torres,1
3728,15768367,Nebechukwu,0
1974,15635728,P'an,0
4362,15592000,Calabresi,1
6832,15696989,Chukwueloka,1
4188,15677785,Stevenson,0
5719,15814519,Kamdibe,0
1659,15654851,Obialo,0
6447,15596011,Artyomova,0
7321,15778142,Shih,0
5193,15607884,Wallace,0
8251,15688865,Wade,0
2374,15671789,Woods,0
7908,15688157,Padovano,0
3696,15757628,Savage,0
9107,15663650,Russell,1
2455,15636089,Hs?,1
1329,15574331,Alexeeva,1
3650,15745355,Golibe,0
8989,15812279,William,0
2758,15566708,Chidalu,0
4455,15641312,Paterson,0
5584,15620579,Dunn,0
1231,15742480,Igwebuike,0
3431,15780925,Tretyakova,0
9599,15666767,Lori,0
4013,15726814,Walton,0
433,15705521,Pisani,0
1445,15703019,Okeke,0
8520,15633525,Payne,0
7654,15788215,Hsia,0
3232,15587177,Lloyd,0
6833,15688498,Chu,0
3548,15641359,Shao,0
1957,15605286,Moyes,0
8654,15650454,Tran,0
5504,15631739,Dunn,0
764,15622750,Chu,1
4684,15694890,Lai,0
3944,15671915,Bowen,0
1440,15806967,Simmons,0
8311,15752809,De Mestre,0
8759,15732621,Martin,0
3290,15592570,Marino,0
2415,15806027,Niu,1
770,15685329,McKenzie,0
420,15615624,De Salis,0
6545,15716218,Higgins,0
5137,15680767,Sabbatini,0
